frame_path,angle
C:\Users\USER\Desktop\programing\code\data\raw\images\image_001_angle_90.jpg,90
C:\Users\USER\Desktop\programing\code\data\raw\images\image_002_angle_90.jpg,90
C:\Users\USER\Desktop\programing\code\data\raw\images\image_003_angle_90.jpg,90
C:\Users\USER\Desktop\programing\code\data\raw\images\image_004_angle_120.jpg,120
C:\Users\USER\Desktop\programing\code\data\raw\images\image_005_angle_90.jpg,90
C:\Users\USER\Desktop\programing\code\data\raw\images\image_006_angle_120.jpg,120
C:\Users\USER\Desktop\programing\code\data\raw\images\image_007_angle_120.jpg,120
C:\Users\USER\Desktop\programing\code\data\raw\images\image_008_angle_90.jpg,90
C:\Users\USER\Desktop\programing\code\data\raw\images\image_009_angle_90.jpg,90
C:\Users\USER\Desktop\programing\code\data\raw\images\image_010_angle_120.jpg,120
C:\Users\USER\Desktop\programing\code\data\raw\images\image_011_angle_120.jpg,120
C:\Users\USER\Desktop\programing\code\data\raw\images\image_012_angle_90.jpg,90
C:\Users\USER\Desktop\programing\code\data\raw\images\image_013_angle_90.jpg,90
C:\Users\USER\Desktop\programing\code\data\raw\images\image_014_angle_90.jpg,90
C:\Users\USER\Desktop\programing\code\data\raw\images\image_015_angle_90.jpg,90
C:\Users\USER\Desktop\programing\code\data\raw\images\image_016_angle_90.jpg,90
C:\Users\USER\Desktop\programing\code\data\raw\images\image_017_angle_90.jpg,90
C:\Users\USER\Desktop\programing\code\data\raw\images\image_018_angle_90.jpg,90
C:\Users\USER\Desktop\programing\code\data\raw\images\image_019_angle_90.jpg,90
C:\Users\USER\Desktop\programing\code\data\raw\images\image_020_angle_90.jpg,90
C:\Users\USER\Desktop\programing\code\data\raw\images\image_021_angle_90.jpg,90
C:\Users\USER\Desktop\programing\code\data\raw\images\image_022_angle_90.jpg,90
C:\Users\USER\Desktop\programing\code\data\raw\images\image_023_angle_90.jpg,90
C:\Users\USER\Desktop\programing\code\data\raw\images\image_024_angle_90.jpg,90
C:\Users\USER\Desktop\programing\code\data\raw\images\image_025_angle_90.jpg,90
C:\Users\USER\Desktop\programing\code\data\raw\images\image_026_angle_90.jpg,90
C:\Users\USER\Desktop\programing\code\data\raw\images\image_027_angle_90.jpg,90
C:\Users\USER\Desktop\programing\code\data\raw\images\image_028_angle_90.jpg,90
C:\Users\USER\Desktop\programing\code\data\raw\images\image_029_angle_120.jpg,120
C:\Users\USER\Desktop\programing\code\data\raw\images\image_030_angle_90.jpg,90
C:\Users\USER\Desktop\programing\code\data\raw\images\image_031_angle_120.jpg,120
C:\Users\USER\Desktop\programing\code\data\raw\images\image_032_angle_90.jpg,90
C:\Users\USER\Desktop\programing\code\data\raw\images\image_033_angle_90.jpg,90
C:\Users\USER\Desktop\programing\code\data\raw\images\image_034_angle_90.jpg,90
C:\Users\USER\Desktop\programing\code\data\raw\images\image_035_angle_120.jpg,120
C:\Users\USER\Desktop\programing\code\data\raw\images\image_036_angle_150.jpg,150
C:\Users\USER\Desktop\programing\code\data\raw\images\image_037_angle_120.jpg,120
C:\Users\USER\Desktop\programing\code\data\raw\images\image_038_angle_120.jpg,120
C:\Users\USER\Desktop\programing\code\data\raw\images\image_039_angle_90.jpg,90
C:\Users\USER\Desktop\programing\code\data\raw\images\image_040_angle_120.jpg,120
C:\Users\USER\Desktop\programing\code\data\raw\images\image_041_angle_150.jpg,150
C:\Users\USER\Desktop\programing\code\data\raw\images\image_042_angle_90.jpg,90
C:\Users\USER\Desktop\programing\code\data\raw\images\image_043_angle_60.jpg,60
C:\Users\USER\Desktop\programing\code\data\raw\images\image_044_angle_60.jpg,60
C:\Users\USER\Desktop\programing\code\data\raw\images\image_045_angle_60.jpg,60
C:\Users\USER\Desktop\programing\code\data\raw\images\image_046_angle_30.jpg,30
C:\Users\USER\Desktop\programing\code\data\raw\images\image_047_angle_30.jpg,30
C:\Users\USER\Desktop\programing\code\data\raw\images\image_048_angle_30.jpg,30
C:\Users\USER\Desktop\programing\code\data\raw\images\image_049_angle_30.jpg,30
C:\Users\USER\Desktop\programing\code\data\raw\images\image_050_angle_60.jpg,60
C:\Users\USER\Desktop\programing\code\data\raw\images\image_051_angle_60.jpg,60
C:\Users\USER\Desktop\programing\code\data\raw\images\image_052_angle_90.jpg,90
C:\Users\USER\Desktop\programing\code\data\raw\images\image_053_angle_90.jpg,90
C:\Users\USER\Desktop\programing\code\data\raw\images\image_054_angle_120.jpg,120
C:\Users\USER\Desktop\programing\code\data\raw\images\image_055_angle_120.jpg,120
C:\Users\USER\Desktop\programing\code\data\raw\images\image_056_angle_90.jpg,90
C:\Users\USER\Desktop\programing\code\data\raw\images\image_057_angle_120.jpg,120
C:\Users\USER\Desktop\programing\code\data\raw\images\image_058_angle_120.jpg,120
C:\Users\USER\Desktop\programing\code\data\raw\images\image_059_angle_90.jpg,90
C:\Users\USER\Desktop\programing\code\data\raw\images\image_060_angle_60.jpg,60
C:\Users\USER\Desktop\programing\code\data\raw\images\image_061_angle_90.jpg,90
C:\Users\USER\Desktop\programing\code\data\raw\images\image_062_angle_90.jpg,90
C:\Users\USER\Desktop\programing\code\data\raw\images\image_063_angle_120.jpg,120
C:\Users\USER\Desktop\programing\code\data\raw\images\image_064_angle_90.jpg,90
C:\Users\USER\Desktop\programing\code\data\raw\images\image_065_angle_90.jpg,90
C:\Users\USER\Desktop\programing\code\data\raw\images\image_066_angle_120.jpg,120
C:\Users\USER\Desktop\programing\code\data\raw\images\image_067_angle_120.jpg,120
C:\Users\USER\Desktop\programing\code\data\raw\images\image_068_angle_120.jpg,120
C:\Users\USER\Desktop\programing\code\data\raw\images\image_069_angle_90.jpg,90
C:\Users\USER\Desktop\programing\code\data\raw\images\image_070_angle_120.jpg,120
C:\Users\USER\Desktop\programing\code\data\raw\images\image_071_angle_120.jpg,120
C:\Users\USER\Desktop\programing\code\data\raw\images\image_072_angle_120.jpg,120
C:\Users\USER\Desktop\programing\code\data\raw\images\image_073_angle_150.jpg,150
C:\Users\USER\Desktop\programing\code\data\raw\images\image_074_angle_120.jpg,120
C:\Users\USER\Desktop\programing\code\data\raw\images\image_075_angle_120.jpg,120
C:\Users\USER\Desktop\programing\code\data\raw\images\image_076_angle_90.jpg,90
C:\Users\USER\Desktop\programing\code\data\raw\images\image_077_angle_120.jpg,120
C:\Users\USER\Desktop\programing\code\data\raw\images\image_078_angle_120.jpg,120
C:\Users\USER\Desktop\programing\code\data\raw\images\image_079_angle_90.jpg,90
C:\Users\USER\Desktop\programing\code\data\raw\images\image_080_angle_60.jpg,60
C:\Users\USER\Desktop\programing\code\data\raw\images\image_081_angle_90.jpg,90
C:\Users\USER\Desktop\programing\code\data\raw\images\image_082_angle_90.jpg,90
C:\Users\USER\Desktop\programing\code\data\raw\images\image_083_angle_90.jpg,90
C:\Users\USER\Desktop\programing\code\data\raw\images\image_084_angle_90.jpg,90
C:\Users\USER\Desktop\programing\code\data\raw\images\image_085_angle_90.jpg,90
C:\Users\USER\Desktop\programing\code\data\raw\images\image_086_angle_90.jpg,90
C:\Users\USER\Desktop\programing\code\data\raw\images\image_087_angle_90.jpg,90
C:\Users\USER\Desktop\programing\code\data\raw\images\image_088_angle_120.jpg,120
C:\Users\USER\Desktop\programing\code\data\raw\images\image_089_angle_120.jpg,120
C:\Users\USER\Desktop\programing\code\data\raw\images\image_090_angle_120.jpg,120
C:\Users\USER\Desktop\programing\code\data\raw\images\image_091_angle_150.jpg,150
C:\Users\USER\Desktop\programing\code\data\raw\images\image_092_angle_150.jpg,150
C:\Users\USER\Desktop\programing\code\data\raw\images\image_093_angle_120.jpg,120
C:\Users\USER\Desktop\programing\code\data\raw\images\image_094_angle_90.jpg,90
C:\Users\USER\Desktop\programing\code\data\raw\images\image_095_angle_120.jpg,120
C:\Users\USER\Desktop\programing\code\data\raw\images\image_096_angle_90.jpg,90
C:\Users\USER\Desktop\programing\code\data\raw\images\image_097_angle_120.jpg,120
C:\Users\USER\Desktop\programing\code\data\raw\images\image_098_angle_90.jpg,90
C:\Users\USER\Desktop\programing\code\data\raw\images\image_099_angle_120.jpg,120
C:\Users\USER\Desktop\programing\code\data\raw\images\image_1000_angle_120.jpg,120
C:\Users\USER\Desktop\programing\code\data\raw\images\image_1001_angle_120.jpg,120
C:\Users\USER\Desktop\programing\code\data\raw\images\image_1002_angle_90.jpg,90
C:\Users\USER\Desktop\programing\code\data\raw\images\image_1003_angle_120.jpg,120
C:\Users\USER\Desktop\programing\code\data\raw\images\image_1004_angle_150.jpg,150
C:\Users\USER\Desktop\programing\code\data\raw\images\image_1005_angle_90.jpg,90
C:\Users\USER\Desktop\programing\code\data\raw\images\image_1006_angle_60.jpg,60
C:\Users\USER\Desktop\programing\code\data\raw\images\image_1007_angle_60.jpg,60
C:\Users\USER\Desktop\programing\code\data\raw\images\image_1008_angle_90.jpg,90
C:\Users\USER\Desktop\programing\code\data\raw\images\image_1009_angle_120.jpg,120
C:\Users\USER\Desktop\programing\code\data\raw\images\image_100_angle_90.jpg,90
C:\Users\USER\Desktop\programing\code\data\raw\images\image_1010_angle_120.jpg,120
C:\Users\USER\Desktop\programing\code\data\raw\images\image_1011_angle_90.jpg,90
C:\Users\USER\Desktop\programing\code\data\raw\images\image_1012_angle_120.jpg,120
C:\Users\USER\Desktop\programing\code\data\raw\images\image_1013_angle_120.jpg,120
C:\Users\USER\Desktop\programing\code\data\raw\images\image_1014_angle_90.jpg,90
C:\Users\USER\Desktop\programing\code\data\raw\images\image_1015_angle_90.jpg,90
C:\Users\USER\Desktop\programing\code\data\raw\images\image_1016_angle_120.jpg,120
C:\Users\USER\Desktop\programing\code\data\raw\images\image_1017_angle_60.jpg,60
C:\Users\USER\Desktop\programing\code\data\raw\images\image_1018_angle_90.jpg,90
C:\Users\USER\Desktop\programing\code\data\raw\images\image_1019_angle_90.jpg,90
C:\Users\USER\Desktop\programing\code\data\raw\images\image_101_angle_120.jpg,120
C:\Users\USER\Desktop\programing\code\data\raw\images\image_1020_angle_90.jpg,90
C:\Users\USER\Desktop\programing\code\data\raw\images\image_1021_angle_120.jpg,120
C:\Users\USER\Desktop\programing\code\data\raw\images\image_1022_angle_150.jpg,150
C:\Users\USER\Desktop\programing\code\data\raw\images\image_1023_angle_90.jpg,90
C:\Users\USER\Desktop\programing\code\data\raw\images\image_1024_angle_120.jpg,120
C:\Users\USER\Desktop\programing\code\data\raw\images\image_1025_angle_90.jpg,90
C:\Users\USER\Desktop\programing\code\data\raw\images\image_1026_angle_120.jpg,120
C:\Users\USER\Desktop\programing\code\data\raw\images\image_1027_angle_120.jpg,120
C:\Users\USER\Desktop\programing\code\data\raw\images\image_1028_angle_120.jpg,120
C:\Users\USER\Desktop\programing\code\data\raw\images\image_1029_angle_90.jpg,90
C:\Users\USER\Desktop\programing\code\data\raw\images\image_102_angle_90.jpg,90
C:\Users\USER\Desktop\programing\code\data\raw\images\image_1030_angle_120.jpg,120
C:\Users\USER\Desktop\programing\code\data\raw\images\image_1031_angle_90.jpg,90
C:\Users\USER\Desktop\programing\code\data\raw\images\image_1032_angle_90.jpg,90
C:\Users\USER\Desktop\programing\code\data\raw\images\image_1033_angle_90.jpg,90
C:\Users\USER\Desktop\programing\code\data\raw\images\image_1034_angle_90.jpg,90
C:\Users\USER\Desktop\programing\code\data\raw\images\image_1035_angle_90.jpg,90
C:\Users\USER\Desktop\programing\code\data\raw\images\image_1036_angle_120.jpg,120
C:\Users\USER\Desktop\programing\code\data\raw\images\image_1037_angle_120.jpg,120
C:\Users\USER\Desktop\programing\code\data\raw\images\image_1038_angle_90.jpg,90
C:\Users\USER\Desktop\programing\code\data\raw\images\image_1039_angle_120.jpg,120
C:\Users\USER\Desktop\programing\code\data\raw\images\image_103_angle_90.jpg,90
C:\Users\USER\Desktop\programing\code\data\raw\images\image_1040_angle_90.jpg,90
C:\Users\USER\Desktop\programing\code\data\raw\images\image_1041_angle_120.jpg,120
C:\Users\USER\Desktop\programing\code\data\raw\images\image_1042_angle_120.jpg,120
C:\Users\USER\Desktop\programing\code\data\raw\images\image_1043_angle_90.jpg,90
C:\Users\USER\Desktop\programing\code\data\raw\images\image_1044_angle_90.jpg,90
C:\Users\USER\Desktop\programing\code\data\raw\images\image_1045_angle_60.jpg,60
C:\Users\USER\Desktop\programing\code\data\raw\images\image_1046_angle_60.jpg,60
C:\Users\USER\Desktop\programing\code\data\raw\images\image_1047_angle_90.jpg,90
C:\Users\USER\Desktop\programing\code\data\raw\images\image_1048_angle_120.jpg,120
C:\Users\USER\Desktop\programing\code\data\raw\images\image_1049_angle_120.jpg,120
C:\Users\USER\Desktop\programing\code\data\raw\images\image_104_angle_60.jpg,60
C:\Users\USER\Desktop\programing\code\data\raw\images\image_1050_angle_120.jpg,120
C:\Users\USER\Desktop\programing\code\data\raw\images\image_1051_angle_60.jpg,60
C:\Users\USER\Desktop\programing\code\data\raw\images\image_1052_angle_90.jpg,90
C:\Users\USER\Desktop\programing\code\data\raw\images\image_1053_angle_120.jpg,120
C:\Users\USER\Desktop\programing\code\data\raw\images\image_1054_angle_120.jpg,120
C:\Users\USER\Desktop\programing\code\data\raw\images\image_1055_angle_90.jpg,90
C:\Users\USER\Desktop\programing\code\data\raw\images\image_1056_angle_90.jpg,90
C:\Users\USER\Desktop\programing\code\data\raw\images\image_1057_angle_60.jpg,60
C:\Users\USER\Desktop\programing\code\data\raw\images\image_1058_angle_90.jpg,90
C:\Users\USER\Desktop\programing\code\data\raw\images\image_1059_angle_120.jpg,120
C:\Users\USER\Desktop\programing\code\data\raw\images\image_105_angle_90.jpg,90
C:\Users\USER\Desktop\programing\code\data\raw\images\image_1060_angle_120.jpg,120
C:\Users\USER\Desktop\programing\code\data\raw\images\image_1061_angle_90.jpg,90
C:\Users\USER\Desktop\programing\code\data\raw\images\image_1062_angle_90.jpg,90
C:\Users\USER\Desktop\programing\code\data\raw\images\image_1063_angle_120.jpg,120
C:\Users\USER\Desktop\programing\code\data\raw\images\image_1064_angle_120.jpg,120
C:\Users\USER\Desktop\programing\code\data\raw\images\image_1065_angle_120.jpg,120
C:\Users\USER\Desktop\programing\code\data\raw\images\image_1066_angle_120.jpg,120
C:\Users\USER\Desktop\programing\code\data\raw\images\image_1067_angle_90.jpg,90
C:\Users\USER\Desktop\programing\code\data\raw\images\image_1068_angle_120.jpg,120
C:\Users\USER\Desktop\programing\code\data\raw\images\image_1069_angle_120.jpg,120
C:\Users\USER\Desktop\programing\code\data\raw\images\image_106_angle_120.jpg,120
C:\Users\USER\Desktop\programing\code\data\raw\images\image_1070_angle_120.jpg,120
C:\Users\USER\Desktop\programing\code\data\raw\images\image_1071_angle_120.jpg,120
C:\Users\USER\Desktop\programing\code\data\raw\images\image_1072_angle_90.jpg,90
C:\Users\USER\Desktop\programing\code\data\raw\images\image_1073_angle_90.jpg,90
C:\Users\USER\Desktop\programing\code\data\raw\images\image_1074_angle_60.jpg,60
C:\Users\USER\Desktop\programing\code\data\raw\images\image_1075_angle_90.jpg,90
C:\Users\USER\Desktop\programing\code\data\raw\images\image_1076_angle_90.jpg,90
C:\Users\USER\Desktop\programing\code\data\raw\images\image_1077_angle_90.jpg,90
C:\Users\USER\Desktop\programing\code\data\raw\images\image_1078_angle_150.jpg,150
C:\Users\USER\Desktop\programing\code\data\raw\images\image_1079_angle_150.jpg,150
C:\Users\USER\Desktop\programing\code\data\raw\images\image_107_angle_60.jpg,60
C:\Users\USER\Desktop\programing\code\data\raw\images\image_1080_angle_120.jpg,120
C:\Users\USER\Desktop\programing\code\data\raw\images\image_1081_angle_90.jpg,90
C:\Users\USER\Desktop\programing\code\data\raw\images\image_1082_angle_120.jpg,120
C:\Users\USER\Desktop\programing\code\data\raw\images\image_1083_angle_90.jpg,90
C:\Users\USER\Desktop\programing\code\data\raw\images\image_1084_angle_90.jpg,90
C:\Users\USER\Desktop\programing\code\data\raw\images\image_1085_angle_120.jpg,120
C:\Users\USER\Desktop\programing\code\data\raw\images\image_1086_angle_120.jpg,120
C:\Users\USER\Desktop\programing\code\data\raw\images\image_1087_angle_150.jpg,150
C:\Users\USER\Desktop\programing\code\data\raw\images\image_1088_angle_120.jpg,120
C:\Users\USER\Desktop\programing\code\data\raw\images\image_1089_angle_90.jpg,90
C:\Users\USER\Desktop\programing\code\data\raw\images\image_108_angle_60.jpg,60
C:\Users\USER\Desktop\programing\code\data\raw\images\image_1090_angle_150.jpg,150
C:\Users\USER\Desktop\programing\code\data\raw\images\image_1091_angle_120.jpg,120
C:\Users\USER\Desktop\programing\code\data\raw\images\image_1092_angle_120.jpg,120
C:\Users\USER\Desktop\programing\code\data\raw\images\image_1093_angle_120.jpg,120
C:\Users\USER\Desktop\programing\code\data\raw\images\image_1094_angle_120.jpg,120
C:\Users\USER\Desktop\programing\code\data\raw\images\image_1095_angle_120.jpg,120
C:\Users\USER\Desktop\programing\code\data\raw\images\image_1096_angle_90.jpg,90
C:\Users\USER\Desktop\programing\code\data\raw\images\image_1097_angle_60.jpg,60
C:\Users\USER\Desktop\programing\code\data\raw\images\image_1098_angle_60.jpg,60
C:\Users\USER\Desktop\programing\code\data\raw\images\image_1099_angle_90.jpg,90
C:\Users\USER\Desktop\programing\code\data\raw\images\image_109_angle_60.jpg,60
C:\Users\USER\Desktop\programing\code\data\raw\images\image_1100_angle_90.jpg,90
C:\Users\USER\Desktop\programing\code\data\raw\images\image_1101_angle_90.jpg,90
C:\Users\USER\Desktop\programing\code\data\raw\images\image_1102_angle_90.jpg,90
C:\Users\USER\Desktop\programing\code\data\raw\images\image_1103_angle_120.jpg,120
C:\Users\USER\Desktop\programing\code\data\raw\images\image_1104_angle_120.jpg,120
C:\Users\USER\Desktop\programing\code\data\raw\images\image_1105_angle_90.jpg,90
C:\Users\USER\Desktop\programing\code\data\raw\images\image_1106_angle_120.jpg,120
C:\Users\USER\Desktop\programing\code\data\raw\images\image_1107_angle_90.jpg,90
C:\Users\USER\Desktop\programing\code\data\raw\images\image_1108_angle_120.jpg,120
C:\Users\USER\Desktop\programing\code\data\raw\images\image_1109_angle_90.jpg,90
C:\Users\USER\Desktop\programing\code\data\raw\images\image_110_angle_60.jpg,60
C:\Users\USER\Desktop\programing\code\data\raw\images\image_1110_angle_60.jpg,60
C:\Users\USER\Desktop\programing\code\data\raw\images\image_1111_angle_120.jpg,120
C:\Users\USER\Desktop\programing\code\data\raw\images\image_1112_angle_120.jpg,120
C:\Users\USER\Desktop\programing\code\data\raw\images\image_1113_angle_90.jpg,90
C:\Users\USER\Desktop\programing\code\data\raw\images\image_1114_angle_90.jpg,90
C:\Users\USER\Desktop\programing\code\data\raw\images\image_1115_angle_120.jpg,120
C:\Users\USER\Desktop\programing\code\data\raw\images\image_1116_angle_120.jpg,120
C:\Users\USER\Desktop\programing\code\data\raw\images\image_1117_angle_90.jpg,90
C:\Users\USER\Desktop\programing\code\data\raw\images\image_1118_angle_120.jpg,120
C:\Users\USER\Desktop\programing\code\data\raw\images\image_1119_angle_120.jpg,120
C:\Users\USER\Desktop\programing\code\data\raw\images\image_111_angle_30.jpg,30
C:\Users\USER\Desktop\programing\code\data\raw\images\image_1120_angle_90.jpg,90
C:\Users\USER\Desktop\programing\code\data\raw\images\image_1121_angle_90.jpg,90
C:\Users\USER\Desktop\programing\code\data\raw\images\image_1122_angle_120.jpg,120
C:\Users\USER\Desktop\programing\code\data\raw\images\image_1123_angle_90.jpg,90
C:\Users\USER\Desktop\programing\code\data\raw\images\image_1124_angle_120.jpg,120
C:\Users\USER\Desktop\programing\code\data\raw\images\image_1125_angle_90.jpg,90
C:\Users\USER\Desktop\programing\code\data\raw\images\image_1126_angle_90.jpg,90
C:\Users\USER\Desktop\programing\code\data\raw\images\image_1127_angle_120.jpg,120
C:\Users\USER\Desktop\programing\code\data\raw\images\image_1128_angle_120.jpg,120
C:\Users\USER\Desktop\programing\code\data\raw\images\image_1129_angle_90.jpg,90
C:\Users\USER\Desktop\programing\code\data\raw\images\image_112_angle_30.jpg,30
C:\Users\USER\Desktop\programing\code\data\raw\images\image_1130_angle_90.jpg,90
C:\Users\USER\Desktop\programing\code\data\raw\images\image_1131_angle_120.jpg,120
C:\Users\USER\Desktop\programing\code\data\raw\images\image_1132_angle_120.jpg,120
C:\Users\USER\Desktop\programing\code\data\raw\images\image_1133_angle_120.jpg,120
C:\Users\USER\Desktop\programing\code\data\raw\images\image_1134_angle_120.jpg,120
C:\Users\USER\Desktop\programing\code\data\raw\images\image_1135_angle_120.jpg,120
C:\Users\USER\Desktop\programing\code\data\raw\images\image_1136_angle_90.jpg,90
C:\Users\USER\Desktop\programing\code\data\raw\images\image_1137_angle_120.jpg,120
C:\Users\USER\Desktop\programing\code\data\raw\images\image_1138_angle_90.jpg,90
C:\Users\USER\Desktop\programing\code\data\raw\images\image_1139_angle_90.jpg,90
C:\Users\USER\Desktop\programing\code\data\raw\images\image_113_angle_90.jpg,90
C:\Users\USER\Desktop\programing\code\data\raw\images\image_1140_angle_90.jpg,90
C:\Users\USER\Desktop\programing\code\data\raw\images\image_1141_angle_90.jpg,90
C:\Users\USER\Desktop\programing\code\data\raw\images\image_1142_angle_90.jpg,90
C:\Users\USER\Desktop\programing\code\data\raw\images\image_1143_angle_120.jpg,120
C:\Users\USER\Desktop\programing\code\data\raw\images\image_1144_angle_150.jpg,150
C:\Users\USER\Desktop\programing\code\data\raw\images\image_1145_angle_120.jpg,120
C:\Users\USER\Desktop\programing\code\data\raw\images\image_1146_angle_60.jpg,60
C:\Users\USER\Desktop\programing\code\data\raw\images\image_1147_angle_30.jpg,30
C:\Users\USER\Desktop\programing\code\data\raw\images\image_1148_angle_30.jpg,30
C:\Users\USER\Desktop\programing\code\data\raw\images\image_1149_angle_60.jpg,60
C:\Users\USER\Desktop\programing\code\data\raw\images\image_114_angle_120.jpg,120
C:\Users\USER\Desktop\programing\code\data\raw\images\image_1150_angle_60.jpg,60
C:\Users\USER\Desktop\programing\code\data\raw\images\image_1151_angle_60.jpg,60
C:\Users\USER\Desktop\programing\code\data\raw\images\image_1152_angle_60.jpg,60
C:\Users\USER\Desktop\programing\code\data\raw\images\image_1153_angle_60.jpg,60
C:\Users\USER\Desktop\programing\code\data\raw\images\image_1154_angle_120.jpg,120
C:\Users\USER\Desktop\programing\code\data\raw\images\image_1155_angle_90.jpg,90
C:\Users\USER\Desktop\programing\code\data\raw\images\image_1156_angle_120.jpg,120
C:\Users\USER\Desktop\programing\code\data\raw\images\image_1157_angle_120.jpg,120
C:\Users\USER\Desktop\programing\code\data\raw\images\image_1158_angle_120.jpg,120
C:\Users\USER\Desktop\programing\code\data\raw\images\image_1159_angle_90.jpg,90
C:\Users\USER\Desktop\programing\code\data\raw\images\image_115_angle_60.jpg,60
C:\Users\USER\Desktop\programing\code\data\raw\images\image_1160_angle_90.jpg,90
C:\Users\USER\Desktop\programing\code\data\raw\images\image_1161_angle_60.jpg,60
C:\Users\USER\Desktop\programing\code\data\raw\images\image_1162_angle_120.jpg,120
C:\Users\USER\Desktop\programing\code\data\raw\images\image_1163_angle_90.jpg,90
C:\Users\USER\Desktop\programing\code\data\raw\images\image_1164_angle_90.jpg,90
C:\Users\USER\Desktop\programing\code\data\raw\images\image_1165_angle_120.jpg,120
C:\Users\USER\Desktop\programing\code\data\raw\images\image_1166_angle_120.jpg,120
C:\Users\USER\Desktop\programing\code\data\raw\images\image_1167_angle_120.jpg,120
C:\Users\USER\Desktop\programing\code\data\raw\images\image_1168_angle_120.jpg,120
C:\Users\USER\Desktop\programing\code\data\raw\images\image_1169_angle_90.jpg,90
C:\Users\USER\Desktop\programing\code\data\raw\images\image_116_angle_30.jpg,30
C:\Users\USER\Desktop\programing\code\data\raw\images\image_1170_angle_120.jpg,120
C:\Users\USER\Desktop\programing\code\data\raw\images\image_1171_angle_120.jpg,120
C:\Users\USER\Desktop\programing\code\data\raw\images\image_1172_angle_90.jpg,90
C:\Users\USER\Desktop\programing\code\data\raw\images\image_1173_angle_120.jpg,120
C:\Users\USER\Desktop\programing\code\data\raw\images\image_1174_angle_120.jpg,120
C:\Users\USER\Desktop\programing\code\data\raw\images\image_1175_angle_90.jpg,90
C:\Users\USER\Desktop\programing\code\data\raw\images\image_1176_angle_90.jpg,90
C:\Users\USER\Desktop\programing\code\data\raw\images\image_117_angle_60.jpg,60
C:\Users\USER\Desktop\programing\code\data\raw\images\image_118_angle_30.jpg,30
C:\Users\USER\Desktop\programing\code\data\raw\images\image_119_angle_60.jpg,60
C:\Users\USER\Desktop\programing\code\data\raw\images\image_120_angle_120.jpg,120
C:\Users\USER\Desktop\programing\code\data\raw\images\image_121_angle_120.jpg,120
C:\Users\USER\Desktop\programing\code\data\raw\images\image_122_angle_60.jpg,60
C:\Users\USER\Desktop\programing\code\data\raw\images\image_123_angle_60.jpg,60
C:\Users\USER\Desktop\programing\code\data\raw\images\image_124_angle_30.jpg,30
C:\Users\USER\Desktop\programing\code\data\raw\images\image_125_angle_30.jpg,30
C:\Users\USER\Desktop\programing\code\data\raw\images\image_126_angle_30.jpg,30
C:\Users\USER\Desktop\programing\code\data\raw\images\image_127_angle_60.jpg,60
C:\Users\USER\Desktop\programing\code\data\raw\images\image_128_angle_90.jpg,90
C:\Users\USER\Desktop\programing\code\data\raw\images\image_129_angle_150.jpg,150
C:\Users\USER\Desktop\programing\code\data\raw\images\image_130_angle_150.jpg,150
C:\Users\USER\Desktop\programing\code\data\raw\images\image_131_angle_150.jpg,150
C:\Users\USER\Desktop\programing\code\data\raw\images\image_132_angle_150.jpg,150
C:\Users\USER\Desktop\programing\code\data\raw\images\image_133_angle_150.jpg,150
C:\Users\USER\Desktop\programing\code\data\raw\images\image_134_angle_150.jpg,150
C:\Users\USER\Desktop\programing\code\data\raw\images\image_135_angle_150.jpg,150
C:\Users\USER\Desktop\programing\code\data\raw\images\image_136_angle_150.jpg,150
C:\Users\USER\Desktop\programing\code\data\raw\images\image_137_angle_150.jpg,150
C:\Users\USER\Desktop\programing\code\data\raw\images\image_138_angle_150.jpg,150
C:\Users\USER\Desktop\programing\code\data\raw\images\image_139_angle_150.jpg,150
C:\Users\USER\Desktop\programing\code\data\raw\images\image_140_angle_150.jpg,150
C:\Users\USER\Desktop\programing\code\data\raw\images\image_141_angle_150.jpg,150
C:\Users\USER\Desktop\programing\code\data\raw\images\image_142_angle_150.jpg,150
C:\Users\USER\Desktop\programing\code\data\raw\images\image_143_angle_150.jpg,150
C:\Users\USER\Desktop\programing\code\data\raw\images\image_144_angle_150.jpg,150
C:\Users\USER\Desktop\programing\code\data\raw\images\image_145_angle_150.jpg,150
C:\Users\USER\Desktop\programing\code\data\raw\images\image_146_angle_150.jpg,150
C:\Users\USER\Desktop\programing\code\data\raw\images\image_147_angle_150.jpg,150
C:\Users\USER\Desktop\programing\code\data\raw\images\image_148_angle_150.jpg,150
C:\Users\USER\Desktop\programing\code\data\raw\images\image_149_angle_150.jpg,150
C:\Users\USER\Desktop\programing\code\data\raw\images\image_150_angle_150.jpg,150
C:\Users\USER\Desktop\programing\code\data\raw\images\image_151_angle_150.jpg,150
C:\Users\USER\Desktop\programing\code\data\raw\images\image_152_angle_150.jpg,150
C:\Users\USER\Desktop\programing\code\data\raw\images\image_153_angle_150.jpg,150
C:\Users\USER\Desktop\programing\code\data\raw\images\image_154_angle_150.jpg,150
C:\Users\USER\Desktop\programing\code\data\raw\images\image_155_angle_150.jpg,150
C:\Users\USER\Desktop\programing\code\data\raw\images\image_156_angle_150.jpg,150
C:\Users\USER\Desktop\programing\code\data\raw\images\image_157_angle_150.jpg,150
C:\Users\USER\Desktop\programing\code\data\raw\images\image_158_angle_150.jpg,150
C:\Users\USER\Desktop\programing\code\data\raw\images\image_159_angle_150.jpg,150
C:\Users\USER\Desktop\programing\code\data\raw\images\image_160_angle_150.jpg,150
C:\Users\USER\Desktop\programing\code\data\raw\images\image_161_angle_150.jpg,150
C:\Users\USER\Desktop\programing\code\data\raw\images\image_162_angle_150.jpg,150
C:\Users\USER\Desktop\programing\code\data\raw\images\image_163_angle_150.jpg,150
C:\Users\USER\Desktop\programing\code\data\raw\images\image_164_angle_150.jpg,150
C:\Users\USER\Desktop\programing\code\data\raw\images\image_165_angle_150.jpg,150
C:\Users\USER\Desktop\programing\code\data\raw\images\image_166_angle_150.jpg,150
C:\Users\USER\Desktop\programing\code\data\raw\images\image_167_angle_150.jpg,150
C:\Users\USER\Desktop\programing\code\data\raw\images\image_168_angle_150.jpg,150
C:\Users\USER\Desktop\programing\code\data\raw\images\image_169_angle_150.jpg,150
C:\Users\USER\Desktop\programing\code\data\raw\images\image_170_angle_150.jpg,150
C:\Users\USER\Desktop\programing\code\data\raw\images\image_171_angle_150.jpg,150
C:\Users\USER\Desktop\programing\code\data\raw\images\image_172_angle_150.jpg,150
C:\Users\USER\Desktop\programing\code\data\raw\images\image_173_angle_150.jpg,150
C:\Users\USER\Desktop\programing\code\data\raw\images\image_174_angle_150.jpg,150
C:\Users\USER\Desktop\programing\code\data\raw\images\image_175_angle_150.jpg,150
C:\Users\USER\Desktop\programing\code\data\raw\images\image_176_angle_150.jpg,150
C:\Users\USER\Desktop\programing\code\data\raw\images\image_177_angle_150.jpg,150
C:\Users\USER\Desktop\programing\code\data\raw\images\image_178_angle_150.jpg,150
C:\Users\USER\Desktop\programing\code\data\raw\images\image_179_angle_150.jpg,150
C:\Users\USER\Desktop\programing\code\data\raw\images\image_180_angle_120.jpg,120
C:\Users\USER\Desktop\programing\code\data\raw\images\image_181_angle_120.jpg,120
C:\Users\USER\Desktop\programing\code\data\raw\images\image_182_angle_90.jpg,90
C:\Users\USER\Desktop\programing\code\data\raw\images\image_183_angle_120.jpg,120
C:\Users\USER\Desktop\programing\code\data\raw\images\image_184_angle_90.jpg,90
C:\Users\USER\Desktop\programing\code\data\raw\images\image_185_angle_120.jpg,120
C:\Users\USER\Desktop\programing\code\data\raw\images\image_186_angle_90.jpg,90
C:\Users\USER\Desktop\programing\code\data\raw\images\image_187_angle_120.jpg,120
C:\Users\USER\Desktop\programing\code\data\raw\images\image_188_angle_120.jpg,120
C:\Users\USER\Desktop\programing\code\data\raw\images\image_189_angle_120.jpg,120
C:\Users\USER\Desktop\programing\code\data\raw\images\image_190_angle_150.jpg,150
C:\Users\USER\Desktop\programing\code\data\raw\images\image_191_angle_120.jpg,120
C:\Users\USER\Desktop\programing\code\data\raw\images\image_192_angle_120.jpg,120
C:\Users\USER\Desktop\programing\code\data\raw\images\image_193_angle_90.jpg,90
C:\Users\USER\Desktop\programing\code\data\raw\images\image_194_angle_120.jpg,120
C:\Users\USER\Desktop\programing\code\data\raw\images\image_195_angle_120.jpg,120
C:\Users\USER\Desktop\programing\code\data\raw\images\image_196_angle_60.jpg,60
C:\Users\USER\Desktop\programing\code\data\raw\images\image_197_angle_120.jpg,120
C:\Users\USER\Desktop\programing\code\data\raw\images\image_198_angle_90.jpg,90
C:\Users\USER\Desktop\programing\code\data\raw\images\image_199_angle_90.jpg,90
C:\Users\USER\Desktop\programing\code\data\raw\images\image_200_angle_60.jpg,60
C:\Users\USER\Desktop\programing\code\data\raw\images\image_201_angle_60.jpg,60
C:\Users\USER\Desktop\programing\code\data\raw\images\image_202_angle_90.jpg,90
C:\Users\USER\Desktop\programing\code\data\raw\images\image_203_angle_90.jpg,90
C:\Users\USER\Desktop\programing\code\data\raw\images\image_204_angle_120.jpg,120
C:\Users\USER\Desktop\programing\code\data\raw\images\image_205_angle_90.jpg,90
C:\Users\USER\Desktop\programing\code\data\raw\images\image_206_angle_90.jpg,90
C:\Users\USER\Desktop\programing\code\data\raw\images\image_207_angle_120.jpg,120
C:\Users\USER\Desktop\programing\code\data\raw\images\image_208_angle_120.jpg,120
C:\Users\USER\Desktop\programing\code\data\raw\images\image_209_angle_120.jpg,120
C:\Users\USER\Desktop\programing\code\data\raw\images\image_210_angle_90.jpg,90
C:\Users\USER\Desktop\programing\code\data\raw\images\image_211_angle_120.jpg,120
C:\Users\USER\Desktop\programing\code\data\raw\images\image_212_angle_60.jpg,60
C:\Users\USER\Desktop\programing\code\data\raw\images\image_213_angle_90.jpg,90
C:\Users\USER\Desktop\programing\code\data\raw\images\image_214_angle_90.jpg,90
C:\Users\USER\Desktop\programing\code\data\raw\images\image_215_angle_90.jpg,90
C:\Users\USER\Desktop\programing\code\data\raw\images\image_216_angle_120.jpg,120
C:\Users\USER\Desktop\programing\code\data\raw\images\image_217_angle_150.jpg,150
C:\Users\USER\Desktop\programing\code\data\raw\images\image_218_angle_120.jpg,120
C:\Users\USER\Desktop\programing\code\data\raw\images\image_219_angle_120.jpg,120
C:\Users\USER\Desktop\programing\code\data\raw\images\image_220_angle_120.jpg,120
C:\Users\USER\Desktop\programing\code\data\raw\images\image_221_angle_120.jpg,120
C:\Users\USER\Desktop\programing\code\data\raw\images\image_222_angle_120.jpg,120
C:\Users\USER\Desktop\programing\code\data\raw\images\image_223_angle_120.jpg,120
C:\Users\USER\Desktop\programing\code\data\raw\images\image_224_angle_90.jpg,90
C:\Users\USER\Desktop\programing\code\data\raw\images\image_225_angle_60.jpg,60
C:\Users\USER\Desktop\programing\code\data\raw\images\image_226_angle_120.jpg,120
C:\Users\USER\Desktop\programing\code\data\raw\images\image_227_angle_120.jpg,120
C:\Users\USER\Desktop\programing\code\data\raw\images\image_228_angle_120.jpg,120
C:\Users\USER\Desktop\programing\code\data\raw\images\image_229_angle_90.jpg,90
C:\Users\USER\Desktop\programing\code\data\raw\images\image_230_angle_120.jpg,120
C:\Users\USER\Desktop\programing\code\data\raw\images\image_231_angle_120.jpg,120
C:\Users\USER\Desktop\programing\code\data\raw\images\image_232_angle_90.jpg,90
C:\Users\USER\Desktop\programing\code\data\raw\images\image_233_angle_120.jpg,120
C:\Users\USER\Desktop\programing\code\data\raw\images\image_234_angle_120.jpg,120
C:\Users\USER\Desktop\programing\code\data\raw\images\image_235_angle_90.jpg,90
C:\Users\USER\Desktop\programing\code\data\raw\images\image_236_angle_90.jpg,90
C:\Users\USER\Desktop\programing\code\data\raw\images\image_237_angle_90.jpg,90
C:\Users\USER\Desktop\programing\code\data\raw\images\image_238_angle_90.jpg,90
C:\Users\USER\Desktop\programing\code\data\raw\images\image_239_angle_90.jpg,90
C:\Users\USER\Desktop\programing\code\data\raw\images\image_240_angle_90.jpg,90
C:\Users\USER\Desktop\programing\code\data\raw\images\image_241_angle_120.jpg,120
C:\Users\USER\Desktop\programing\code\data\raw\images\image_242_angle_90.jpg,90
C:\Users\USER\Desktop\programing\code\data\raw\images\image_243_angle_120.jpg,120
C:\Users\USER\Desktop\programing\code\data\raw\images\image_244_angle_120.jpg,120
C:\Users\USER\Desktop\programing\code\data\raw\images\image_245_angle_120.jpg,120
C:\Users\USER\Desktop\programing\code\data\raw\images\image_246_angle_90.jpg,90
C:\Users\USER\Desktop\programing\code\data\raw\images\image_247_angle_90.jpg,90
C:\Users\USER\Desktop\programing\code\data\raw\images\image_248_angle_120.jpg,120
C:\Users\USER\Desktop\programing\code\data\raw\images\image_249_angle_120.jpg,120
C:\Users\USER\Desktop\programing\code\data\raw\images\image_250_angle_120.jpg,120
C:\Users\USER\Desktop\programing\code\data\raw\images\image_251_angle_90.jpg,90
C:\Users\USER\Desktop\programing\code\data\raw\images\image_252_angle_120.jpg,120
C:\Users\USER\Desktop\programing\code\data\raw\images\image_253_angle_120.jpg,120
C:\Users\USER\Desktop\programing\code\data\raw\images\image_254_angle_90.jpg,90
C:\Users\USER\Desktop\programing\code\data\raw\images\image_255_angle_120.jpg,120
C:\Users\USER\Desktop\programing\code\data\raw\images\image_256_angle_90.jpg,90
C:\Users\USER\Desktop\programing\code\data\raw\images\image_257_angle_60.jpg,60
C:\Users\USER\Desktop\programing\code\data\raw\images\image_258_angle_60.jpg,60
C:\Users\USER\Desktop\programing\code\data\raw\images\image_259_angle_90.jpg,90
C:\Users\USER\Desktop\programing\code\data\raw\images\image_260_angle_120.jpg,120
C:\Users\USER\Desktop\programing\code\data\raw\images\image_261_angle_90.jpg,90
C:\Users\USER\Desktop\programing\code\data\raw\images\image_262_angle_60.jpg,60
C:\Users\USER\Desktop\programing\code\data\raw\images\image_263_angle_60.jpg,60
C:\Users\USER\Desktop\programing\code\data\raw\images\image_264_angle_90.jpg,90
C:\Users\USER\Desktop\programing\code\data\raw\images\image_265_angle_90.jpg,90
C:\Users\USER\Desktop\programing\code\data\raw\images\image_266_angle_90.jpg,90
C:\Users\USER\Desktop\programing\code\data\raw\images\image_267_angle_120.jpg,120
C:\Users\USER\Desktop\programing\code\data\raw\images\image_268_angle_90.jpg,90
C:\Users\USER\Desktop\programing\code\data\raw\images\image_269_angle_120.jpg,120
C:\Users\USER\Desktop\programing\code\data\raw\images\image_270_angle_90.jpg,90
C:\Users\USER\Desktop\programing\code\data\raw\images\image_271_angle_120.jpg,120
C:\Users\USER\Desktop\programing\code\data\raw\images\image_272_angle_150.jpg,150
C:\Users\USER\Desktop\programing\code\data\raw\images\image_273_angle_150.jpg,150
C:\Users\USER\Desktop\programing\code\data\raw\images\image_274_angle_120.jpg,120
C:\Users\USER\Desktop\programing\code\data\raw\images\image_275_angle_90.jpg,90
C:\Users\USER\Desktop\programing\code\data\raw\images\image_276_angle_90.jpg,90
C:\Users\USER\Desktop\programing\code\data\raw\images\image_277_angle_120.jpg,120
C:\Users\USER\Desktop\programing\code\data\raw\images\image_278_angle_150.jpg,150
C:\Users\USER\Desktop\programing\code\data\raw\images\image_279_angle_90.jpg,90
C:\Users\USER\Desktop\programing\code\data\raw\images\image_280_angle_90.jpg,90
C:\Users\USER\Desktop\programing\code\data\raw\images\image_281_angle_90.jpg,90
C:\Users\USER\Desktop\programing\code\data\raw\images\image_282_angle_120.jpg,120
C:\Users\USER\Desktop\programing\code\data\raw\images\image_283_angle_90.jpg,90
C:\Users\USER\Desktop\programing\code\data\raw\images\image_284_angle_60.jpg,60
C:\Users\USER\Desktop\programing\code\data\raw\images\image_285_angle_90.jpg,90
C:\Users\USER\Desktop\programing\code\data\raw\images\image_286_angle_90.jpg,90
C:\Users\USER\Desktop\programing\code\data\raw\images\image_287_angle_90.jpg,90
C:\Users\USER\Desktop\programing\code\data\raw\images\image_288_angle_90.jpg,90
C:\Users\USER\Desktop\programing\code\data\raw\images\image_289_angle_90.jpg,90
C:\Users\USER\Desktop\programing\code\data\raw\images\image_290_angle_120.jpg,120
C:\Users\USER\Desktop\programing\code\data\raw\images\image_291_angle_150.jpg,150
C:\Users\USER\Desktop\programing\code\data\raw\images\image_292_angle_120.jpg,120
C:\Users\USER\Desktop\programing\code\data\raw\images\image_293_angle_90.jpg,90
C:\Users\USER\Desktop\programing\code\data\raw\images\image_294_angle_120.jpg,120
C:\Users\USER\Desktop\programing\code\data\raw\images\image_295_angle_150.jpg,150
C:\Users\USER\Desktop\programing\code\data\raw\images\image_296_angle_150.jpg,150
C:\Users\USER\Desktop\programing\code\data\raw\images\image_297_angle_120.jpg,120
C:\Users\USER\Desktop\programing\code\data\raw\images\image_298_angle_90.jpg,90
C:\Users\USER\Desktop\programing\code\data\raw\images\image_299_angle_120.jpg,120
C:\Users\USER\Desktop\programing\code\data\raw\images\image_300_angle_90.jpg,90
C:\Users\USER\Desktop\programing\code\data\raw\images\image_301_angle_120.jpg,120
C:\Users\USER\Desktop\programing\code\data\raw\images\image_302_angle_120.jpg,120
C:\Users\USER\Desktop\programing\code\data\raw\images\image_303_angle_90.jpg,90
C:\Users\USER\Desktop\programing\code\data\raw\images\image_304_angle_120.jpg,120
C:\Users\USER\Desktop\programing\code\data\raw\images\image_305_angle_90.jpg,90
C:\Users\USER\Desktop\programing\code\data\raw\images\image_306_angle_90.jpg,90
C:\Users\USER\Desktop\programing\code\data\raw\images\image_307_angle_90.jpg,90
C:\Users\USER\Desktop\programing\code\data\raw\images\image_308_angle_60.jpg,60
C:\Users\USER\Desktop\programing\code\data\raw\images\image_309_angle_90.jpg,90
C:\Users\USER\Desktop\programing\code\data\raw\images\image_310_angle_120.jpg,120
C:\Users\USER\Desktop\programing\code\data\raw\images\image_311_angle_90.jpg,90
C:\Users\USER\Desktop\programing\code\data\raw\images\image_312_angle_90.jpg,90
C:\Users\USER\Desktop\programing\code\data\raw\images\image_313_angle_120.jpg,120
C:\Users\USER\Desktop\programing\code\data\raw\images\image_314_angle_120.jpg,120
C:\Users\USER\Desktop\programing\code\data\raw\images\image_315_angle_90.jpg,90
C:\Users\USER\Desktop\programing\code\data\raw\images\image_316_angle_120.jpg,120
C:\Users\USER\Desktop\programing\code\data\raw\images\image_317_angle_90.jpg,90
C:\Users\USER\Desktop\programing\code\data\raw\images\image_318_angle_90.jpg,90
C:\Users\USER\Desktop\programing\code\data\raw\images\image_319_angle_120.jpg,120
C:\Users\USER\Desktop\programing\code\data\raw\images\image_320_angle_120.jpg,120
C:\Users\USER\Desktop\programing\code\data\raw\images\image_321_angle_90.jpg,90
C:\Users\USER\Desktop\programing\code\data\raw\images\image_322_angle_120.jpg,120
C:\Users\USER\Desktop\programing\code\data\raw\images\image_323_angle_90.jpg,90
C:\Users\USER\Desktop\programing\code\data\raw\images\image_324_angle_150.jpg,150
C:\Users\USER\Desktop\programing\code\data\raw\images\image_325_angle_150.jpg,150
C:\Users\USER\Desktop\programing\code\data\raw\images\image_326_angle_120.jpg,120
C:\Users\USER\Desktop\programing\code\data\raw\images\image_327_angle_90.jpg,90
C:\Users\USER\Desktop\programing\code\data\raw\images\image_328_angle_60.jpg,60
C:\Users\USER\Desktop\programing\code\data\raw\images\image_329_angle_90.jpg,90
C:\Users\USER\Desktop\programing\code\data\raw\images\image_330_angle_60.jpg,60
C:\Users\USER\Desktop\programing\code\data\raw\images\image_331_angle_90.jpg,90
C:\Users\USER\Desktop\programing\code\data\raw\images\image_332_angle_90.jpg,90
C:\Users\USER\Desktop\programing\code\data\raw\images\image_333_angle_60.jpg,60
C:\Users\USER\Desktop\programing\code\data\raw\images\image_334_angle_90.jpg,90
C:\Users\USER\Desktop\programing\code\data\raw\images\image_335_angle_90.jpg,90
C:\Users\USER\Desktop\programing\code\data\raw\images\image_336_angle_90.jpg,90
C:\Users\USER\Desktop\programing\code\data\raw\images\image_337_angle_90.jpg,90
C:\Users\USER\Desktop\programing\code\data\raw\images\image_338_angle_60.jpg,60
C:\Users\USER\Desktop\programing\code\data\raw\images\image_339_angle_90.jpg,90
C:\Users\USER\Desktop\programing\code\data\raw\images\image_340_angle_120.jpg,120
C:\Users\USER\Desktop\programing\code\data\raw\images\image_341_angle_120.jpg,120
C:\Users\USER\Desktop\programing\code\data\raw\images\image_342_angle_120.jpg,120
C:\Users\USER\Desktop\programing\code\data\raw\images\image_343_angle_90.jpg,90
C:\Users\USER\Desktop\programing\code\data\raw\images\image_344_angle_90.jpg,90
C:\Users\USER\Desktop\programing\code\data\raw\images\image_345_angle_60.jpg,60
C:\Users\USER\Desktop\programing\code\data\raw\images\image_346_angle_120.jpg,120
C:\Users\USER\Desktop\programing\code\data\raw\images\image_347_angle_90.jpg,90
C:\Users\USER\Desktop\programing\code\data\raw\images\image_348_angle_120.jpg,120
C:\Users\USER\Desktop\programing\code\data\raw\images\image_349_angle_120.jpg,120
C:\Users\USER\Desktop\programing\code\data\raw\images\image_350_angle_150.jpg,150
C:\Users\USER\Desktop\programing\code\data\raw\images\image_351_angle_90.jpg,90
C:\Users\USER\Desktop\programing\code\data\raw\images\image_352_angle_90.jpg,90
C:\Users\USER\Desktop\programing\code\data\raw\images\image_353_angle_120.jpg,120
C:\Users\USER\Desktop\programing\code\data\raw\images\image_354_angle_120.jpg,120
C:\Users\USER\Desktop\programing\code\data\raw\images\image_355_angle_90.jpg,90
C:\Users\USER\Desktop\programing\code\data\raw\images\image_356_angle_90.jpg,90
C:\Users\USER\Desktop\programing\code\data\raw\images\image_357_angle_120.jpg,120
C:\Users\USER\Desktop\programing\code\data\raw\images\image_358_angle_120.jpg,120
C:\Users\USER\Desktop\programing\code\data\raw\images\image_359_angle_90.jpg,90
C:\Users\USER\Desktop\programing\code\data\raw\images\image_360_angle_60.jpg,60
C:\Users\USER\Desktop\programing\code\data\raw\images\image_361_angle_90.jpg,90
C:\Users\USER\Desktop\programing\code\data\raw\images\image_362_angle_120.jpg,120
C:\Users\USER\Desktop\programing\code\data\raw\images\image_363_angle_120.jpg,120
C:\Users\USER\Desktop\programing\code\data\raw\images\image_364_angle_90.jpg,90
C:\Users\USER\Desktop\programing\code\data\raw\images\image_365_angle_90.jpg,90
C:\Users\USER\Desktop\programing\code\data\raw\images\image_366_angle_60.jpg,60
C:\Users\USER\Desktop\programing\code\data\raw\images\image_367_angle_90.jpg,90
C:\Users\USER\Desktop\programing\code\data\raw\images\image_368_angle_90.jpg,90
C:\Users\USER\Desktop\programing\code\data\raw\images\image_369_angle_90.jpg,90
C:\Users\USER\Desktop\programing\code\data\raw\images\image_370_angle_120.jpg,120
C:\Users\USER\Desktop\programing\code\data\raw\images\image_371_angle_90.jpg,90
C:\Users\USER\Desktop\programing\code\data\raw\images\image_372_angle_120.jpg,120
C:\Users\USER\Desktop\programing\code\data\raw\images\image_373_angle_90.jpg,90
C:\Users\USER\Desktop\programing\code\data\raw\images\image_374_angle_90.jpg,90
C:\Users\USER\Desktop\programing\code\data\raw\images\image_375_angle_90.jpg,90
C:\Users\USER\Desktop\programing\code\data\raw\images\image_376_angle_120.jpg,120
C:\Users\USER\Desktop\programing\code\data\raw\images\image_377_angle_120.jpg,120
C:\Users\USER\Desktop\programing\code\data\raw\images\image_378_angle_150.jpg,150
C:\Users\USER\Desktop\programing\code\data\raw\images\image_379_angle_120.jpg,120
C:\Users\USER\Desktop\programing\code\data\raw\images\image_380_angle_120.jpg,120
C:\Users\USER\Desktop\programing\code\data\raw\images\image_381_angle_120.jpg,120
C:\Users\USER\Desktop\programing\code\data\raw\images\image_382_angle_90.jpg,90
C:\Users\USER\Desktop\programing\code\data\raw\images\image_383_angle_90.jpg,90
C:\Users\USER\Desktop\programing\code\data\raw\images\image_384_angle_120.jpg,120
C:\Users\USER\Desktop\programing\code\data\raw\images\image_385_angle_120.jpg,120
C:\Users\USER\Desktop\programing\code\data\raw\images\image_386_angle_90.jpg,90
C:\Users\USER\Desktop\programing\code\data\raw\images\image_387_angle_90.jpg,90
C:\Users\USER\Desktop\programing\code\data\raw\images\image_388_angle_120.jpg,120
C:\Users\USER\Desktop\programing\code\data\raw\images\image_389_angle_120.jpg,120
C:\Users\USER\Desktop\programing\code\data\raw\images\image_390_angle_60.jpg,60
C:\Users\USER\Desktop\programing\code\data\raw\images\image_391_angle_90.jpg,90
C:\Users\USER\Desktop\programing\code\data\raw\images\image_392_angle_120.jpg,120
C:\Users\USER\Desktop\programing\code\data\raw\images\image_393_angle_120.jpg,120
C:\Users\USER\Desktop\programing\code\data\raw\images\image_394_angle_120.jpg,120
C:\Users\USER\Desktop\programing\code\data\raw\images\image_395_angle_120.jpg,120
C:\Users\USER\Desktop\programing\code\data\raw\images\image_396_angle_60.jpg,60
C:\Users\USER\Desktop\programing\code\data\raw\images\image_397_angle_90.jpg,90
C:\Users\USER\Desktop\programing\code\data\raw\images\image_398_angle_90.jpg,90
C:\Users\USER\Desktop\programing\code\data\raw\images\image_399_angle_120.jpg,120
C:\Users\USER\Desktop\programing\code\data\raw\images\image_400_angle_120.jpg,120
C:\Users\USER\Desktop\programing\code\data\raw\images\image_401_angle_120.jpg,120
C:\Users\USER\Desktop\programing\code\data\raw\images\image_402_angle_120.jpg,120
C:\Users\USER\Desktop\programing\code\data\raw\images\image_403_angle_90.jpg,90
C:\Users\USER\Desktop\programing\code\data\raw\images\image_404_angle_120.jpg,120
C:\Users\USER\Desktop\programing\code\data\raw\images\image_405_angle_120.jpg,120
C:\Users\USER\Desktop\programing\code\data\raw\images\image_406_angle_60.jpg,60
C:\Users\USER\Desktop\programing\code\data\raw\images\image_407_angle_90.jpg,90
C:\Users\USER\Desktop\programing\code\data\raw\images\image_408_angle_90.jpg,90
C:\Users\USER\Desktop\programing\code\data\raw\images\image_409_angle_90.jpg,90
C:\Users\USER\Desktop\programing\code\data\raw\images\image_410_angle_90.jpg,90
C:\Users\USER\Desktop\programing\code\data\raw\images\image_411_angle_120.jpg,120
C:\Users\USER\Desktop\programing\code\data\raw\images\image_412_angle_60.jpg,60
C:\Users\USER\Desktop\programing\code\data\raw\images\image_413_angle_90.jpg,90
C:\Users\USER\Desktop\programing\code\data\raw\images\image_414_angle_120.jpg,120
C:\Users\USER\Desktop\programing\code\data\raw\images\image_415_angle_120.jpg,120
C:\Users\USER\Desktop\programing\code\data\raw\images\image_416_angle_120.jpg,120
C:\Users\USER\Desktop\programing\code\data\raw\images\image_417_angle_120.jpg,120
C:\Users\USER\Desktop\programing\code\data\raw\images\image_418_angle_120.jpg,120
C:\Users\USER\Desktop\programing\code\data\raw\images\image_419_angle_120.jpg,120
C:\Users\USER\Desktop\programing\code\data\raw\images\image_420_angle_120.jpg,120
C:\Users\USER\Desktop\programing\code\data\raw\images\image_421_angle_120.jpg,120
C:\Users\USER\Desktop\programing\code\data\raw\images\image_422_angle_120.jpg,120
C:\Users\USER\Desktop\programing\code\data\raw\images\image_423_angle_90.jpg,90
C:\Users\USER\Desktop\programing\code\data\raw\images\image_424_angle_120.jpg,120
C:\Users\USER\Desktop\programing\code\data\raw\images\image_425_angle_90.jpg,90
C:\Users\USER\Desktop\programing\code\data\raw\images\image_426_angle_60.jpg,60
C:\Users\USER\Desktop\programing\code\data\raw\images\image_427_angle_90.jpg,90
C:\Users\USER\Desktop\programing\code\data\raw\images\image_428_angle_90.jpg,90
C:\Users\USER\Desktop\programing\code\data\raw\images\image_429_angle_90.jpg,90
C:\Users\USER\Desktop\programing\code\data\raw\images\image_430_angle_90.jpg,90
C:\Users\USER\Desktop\programing\code\data\raw\images\image_431_angle_90.jpg,90
C:\Users\USER\Desktop\programing\code\data\raw\images\image_432_angle_90.jpg,90
C:\Users\USER\Desktop\programing\code\data\raw\images\image_433_angle_90.jpg,90
C:\Users\USER\Desktop\programing\code\data\raw\images\image_434_angle_120.jpg,120
C:\Users\USER\Desktop\programing\code\data\raw\images\image_435_angle_90.jpg,90
C:\Users\USER\Desktop\programing\code\data\raw\images\image_436_angle_120.jpg,120
C:\Users\USER\Desktop\programing\code\data\raw\images\image_437_angle_120.jpg,120
C:\Users\USER\Desktop\programing\code\data\raw\images\image_438_angle_90.jpg,90
C:\Users\USER\Desktop\programing\code\data\raw\images\image_439_angle_120.jpg,120
C:\Users\USER\Desktop\programing\code\data\raw\images\image_440_angle_150.jpg,150
C:\Users\USER\Desktop\programing\code\data\raw\images\image_441_angle_120.jpg,120
C:\Users\USER\Desktop\programing\code\data\raw\images\image_442_angle_120.jpg,120
C:\Users\USER\Desktop\programing\code\data\raw\images\image_443_angle_120.jpg,120
C:\Users\USER\Desktop\programing\code\data\raw\images\image_444_angle_120.jpg,120
C:\Users\USER\Desktop\programing\code\data\raw\images\image_445_angle_90.jpg,90
C:\Users\USER\Desktop\programing\code\data\raw\images\image_446_angle_90.jpg,90
C:\Users\USER\Desktop\programing\code\data\raw\images\image_447_angle_150.jpg,150
C:\Users\USER\Desktop\programing\code\data\raw\images\image_448_angle_90.jpg,90
C:\Users\USER\Desktop\programing\code\data\raw\images\image_449_angle_60.jpg,60
C:\Users\USER\Desktop\programing\code\data\raw\images\image_450_angle_60.jpg,60
C:\Users\USER\Desktop\programing\code\data\raw\images\image_451_angle_60.jpg,60
C:\Users\USER\Desktop\programing\code\data\raw\images\image_452_angle_90.jpg,90
C:\Users\USER\Desktop\programing\code\data\raw\images\image_453_angle_90.jpg,90
C:\Users\USER\Desktop\programing\code\data\raw\images\image_454_angle_120.jpg,120
C:\Users\USER\Desktop\programing\code\data\raw\images\image_455_angle_120.jpg,120
C:\Users\USER\Desktop\programing\code\data\raw\images\image_456_angle_120.jpg,120
C:\Users\USER\Desktop\programing\code\data\raw\images\image_457_angle_120.jpg,120
C:\Users\USER\Desktop\programing\code\data\raw\images\image_458_angle_120.jpg,120
C:\Users\USER\Desktop\programing\code\data\raw\images\image_459_angle_90.jpg,90
C:\Users\USER\Desktop\programing\code\data\raw\images\image_460_angle_90.jpg,90
C:\Users\USER\Desktop\programing\code\data\raw\images\image_461_angle_90.jpg,90
C:\Users\USER\Desktop\programing\code\data\raw\images\image_462_angle_60.jpg,60
C:\Users\USER\Desktop\programing\code\data\raw\images\image_463_angle_90.jpg,90
C:\Users\USER\Desktop\programing\code\data\raw\images\image_464_angle_120.jpg,120
C:\Users\USER\Desktop\programing\code\data\raw\images\image_465_angle_120.jpg,120
C:\Users\USER\Desktop\programing\code\data\raw\images\image_466_angle_120.jpg,120
C:\Users\USER\Desktop\programing\code\data\raw\images\image_467_angle_90.jpg,90
C:\Users\USER\Desktop\programing\code\data\raw\images\image_468_angle_120.jpg,120
C:\Users\USER\Desktop\programing\code\data\raw\images\image_469_angle_120.jpg,120
C:\Users\USER\Desktop\programing\code\data\raw\images\image_470_angle_120.jpg,120
C:\Users\USER\Desktop\programing\code\data\raw\images\image_471_angle_90.jpg,90
C:\Users\USER\Desktop\programing\code\data\raw\images\image_472_angle_120.jpg,120
C:\Users\USER\Desktop\programing\code\data\raw\images\image_473_angle_120.jpg,120
C:\Users\USER\Desktop\programing\code\data\raw\images\image_474_angle_120.jpg,120
C:\Users\USER\Desktop\programing\code\data\raw\images\image_475_angle_90.jpg,90
C:\Users\USER\Desktop\programing\code\data\raw\images\image_476_angle_60.jpg,60
C:\Users\USER\Desktop\programing\code\data\raw\images\image_477_angle_90.jpg,90
C:\Users\USER\Desktop\programing\code\data\raw\images\image_478_angle_120.jpg,120
C:\Users\USER\Desktop\programing\code\data\raw\images\image_479_angle_90.jpg,90
C:\Users\USER\Desktop\programing\code\data\raw\images\image_480_angle_90.jpg,90
C:\Users\USER\Desktop\programing\code\data\raw\images\image_481_angle_150.jpg,150
C:\Users\USER\Desktop\programing\code\data\raw\images\image_482_angle_150.jpg,150
C:\Users\USER\Desktop\programing\code\data\raw\images\image_483_angle_120.jpg,120
C:\Users\USER\Desktop\programing\code\data\raw\images\image_484_angle_120.jpg,120
C:\Users\USER\Desktop\programing\code\data\raw\images\image_485_angle_90.jpg,90
C:\Users\USER\Desktop\programing\code\data\raw\images\image_486_angle_120.jpg,120
C:\Users\USER\Desktop\programing\code\data\raw\images\image_487_angle_90.jpg,90
C:\Users\USER\Desktop\programing\code\data\raw\images\image_488_angle_90.jpg,90
C:\Users\USER\Desktop\programing\code\data\raw\images\image_489_angle_120.jpg,120
C:\Users\USER\Desktop\programing\code\data\raw\images\image_490_angle_120.jpg,120
C:\Users\USER\Desktop\programing\code\data\raw\images\image_491_angle_90.jpg,90
C:\Users\USER\Desktop\programing\code\data\raw\images\image_492_angle_120.jpg,120
C:\Users\USER\Desktop\programing\code\data\raw\images\image_493_angle_120.jpg,120
C:\Users\USER\Desktop\programing\code\data\raw\images\image_494_angle_120.jpg,120
C:\Users\USER\Desktop\programing\code\data\raw\images\image_495_angle_90.jpg,90
C:\Users\USER\Desktop\programing\code\data\raw\images\image_496_angle_120.jpg,120
C:\Users\USER\Desktop\programing\code\data\raw\images\image_497_angle_60.jpg,60
C:\Users\USER\Desktop\programing\code\data\raw\images\image_498_angle_60.jpg,60
C:\Users\USER\Desktop\programing\code\data\raw\images\image_499_angle_120.jpg,120
C:\Users\USER\Desktop\programing\code\data\raw\images\image_500_angle_60.jpg,60
C:\Users\USER\Desktop\programing\code\data\raw\images\image_501_angle_60.jpg,60
C:\Users\USER\Desktop\programing\code\data\raw\images\image_502_angle_90.jpg,90
C:\Users\USER\Desktop\programing\code\data\raw\images\image_503_angle_90.jpg,90
C:\Users\USER\Desktop\programing\code\data\raw\images\image_504_angle_90.jpg,90
C:\Users\USER\Desktop\programing\code\data\raw\images\image_505_angle_120.jpg,120
C:\Users\USER\Desktop\programing\code\data\raw\images\image_506_angle_120.jpg,120
C:\Users\USER\Desktop\programing\code\data\raw\images\image_507_angle_120.jpg,120
C:\Users\USER\Desktop\programing\code\data\raw\images\image_508_angle_90.jpg,90
C:\Users\USER\Desktop\programing\code\data\raw\images\image_509_angle_120.jpg,120
C:\Users\USER\Desktop\programing\code\data\raw\images\image_510_angle_90.jpg,90
C:\Users\USER\Desktop\programing\code\data\raw\images\image_511_angle_60.jpg,60
C:\Users\USER\Desktop\programing\code\data\raw\images\image_512_angle_90.jpg,90
C:\Users\USER\Desktop\programing\code\data\raw\images\image_513_angle_60.jpg,60
C:\Users\USER\Desktop\programing\code\data\raw\images\image_514_angle_90.jpg,90
C:\Users\USER\Desktop\programing\code\data\raw\images\image_515_angle_90.jpg,90
C:\Users\USER\Desktop\programing\code\data\raw\images\image_516_angle_90.jpg,90
C:\Users\USER\Desktop\programing\code\data\raw\images\image_517_angle_90.jpg,90
C:\Users\USER\Desktop\programing\code\data\raw\images\image_518_angle_120.jpg,120
C:\Users\USER\Desktop\programing\code\data\raw\images\image_519_angle_150.jpg,150
C:\Users\USER\Desktop\programing\code\data\raw\images\image_520_angle_120.jpg,120
C:\Users\USER\Desktop\programing\code\data\raw\images\image_521_angle_120.jpg,120
C:\Users\USER\Desktop\programing\code\data\raw\images\image_522_angle_120.jpg,120
C:\Users\USER\Desktop\programing\code\data\raw\images\image_523_angle_120.jpg,120
C:\Users\USER\Desktop\programing\code\data\raw\images\image_524_angle_120.jpg,120
C:\Users\USER\Desktop\programing\code\data\raw\images\image_525_angle_120.jpg,120
C:\Users\USER\Desktop\programing\code\data\raw\images\image_526_angle_90.jpg,90
C:\Users\USER\Desktop\programing\code\data\raw\images\image_527_angle_90.jpg,90
C:\Users\USER\Desktop\programing\code\data\raw\images\image_528_angle_90.jpg,90
C:\Users\USER\Desktop\programing\code\data\raw\images\image_529_angle_60.jpg,60
C:\Users\USER\Desktop\programing\code\data\raw\images\image_530_angle_120.jpg,120
C:\Users\USER\Desktop\programing\code\data\raw\images\image_531_angle_120.jpg,120
C:\Users\USER\Desktop\programing\code\data\raw\images\image_532_angle_150.jpg,150
C:\Users\USER\Desktop\programing\code\data\raw\images\image_533_angle_60.jpg,60
C:\Users\USER\Desktop\programing\code\data\raw\images\image_534_angle_60.jpg,60
C:\Users\USER\Desktop\programing\code\data\raw\images\image_535_angle_150.jpg,150
C:\Users\USER\Desktop\programing\code\data\raw\images\image_536_angle_150.jpg,150
C:\Users\USER\Desktop\programing\code\data\raw\images\image_537_angle_120.jpg,120
C:\Users\USER\Desktop\programing\code\data\raw\images\image_538_angle_90.jpg,90
C:\Users\USER\Desktop\programing\code\data\raw\images\image_539_angle_120.jpg,120
C:\Users\USER\Desktop\programing\code\data\raw\images\image_540_angle_120.jpg,120
C:\Users\USER\Desktop\programing\code\data\raw\images\image_541_angle_120.jpg,120
C:\Users\USER\Desktop\programing\code\data\raw\images\image_542_angle_120.jpg,120
C:\Users\USER\Desktop\programing\code\data\raw\images\image_543_angle_90.jpg,90
C:\Users\USER\Desktop\programing\code\data\raw\images\image_544_angle_150.jpg,150
C:\Users\USER\Desktop\programing\code\data\raw\images\image_545_angle_150.jpg,150
C:\Users\USER\Desktop\programing\code\data\raw\images\image_546_angle_120.jpg,120
C:\Users\USER\Desktop\programing\code\data\raw\images\image_547_angle_120.jpg,120
C:\Users\USER\Desktop\programing\code\data\raw\images\image_548_angle_120.jpg,120
C:\Users\USER\Desktop\programing\code\data\raw\images\image_549_angle_90.jpg,90
C:\Users\USER\Desktop\programing\code\data\raw\images\image_550_angle_90.jpg,90
C:\Users\USER\Desktop\programing\code\data\raw\images\image_551_angle_120.jpg,120
C:\Users\USER\Desktop\programing\code\data\raw\images\image_552_angle_60.jpg,60
C:\Users\USER\Desktop\programing\code\data\raw\images\image_553_angle_60.jpg,60
C:\Users\USER\Desktop\programing\code\data\raw\images\image_554_angle_90.jpg,90
C:\Users\USER\Desktop\programing\code\data\raw\images\image_555_angle_120.jpg,120
C:\Users\USER\Desktop\programing\code\data\raw\images\image_556_angle_90.jpg,90
C:\Users\USER\Desktop\programing\code\data\raw\images\image_557_angle_120.jpg,120
C:\Users\USER\Desktop\programing\code\data\raw\images\image_558_angle_120.jpg,120
C:\Users\USER\Desktop\programing\code\data\raw\images\image_559_angle_120.jpg,120
C:\Users\USER\Desktop\programing\code\data\raw\images\image_560_angle_90.jpg,90
C:\Users\USER\Desktop\programing\code\data\raw\images\image_561_angle_90.jpg,90
C:\Users\USER\Desktop\programing\code\data\raw\images\image_562_angle_120.jpg,120
C:\Users\USER\Desktop\programing\code\data\raw\images\image_563_angle_90.jpg,90
C:\Users\USER\Desktop\programing\code\data\raw\images\image_564_angle_90.jpg,90
C:\Users\USER\Desktop\programing\code\data\raw\images\image_565_angle_120.jpg,120
C:\Users\USER\Desktop\programing\code\data\raw\images\image_566_angle_90.jpg,90
C:\Users\USER\Desktop\programing\code\data\raw\images\image_567_angle_60.jpg,60
C:\Users\USER\Desktop\programing\code\data\raw\images\image_568_angle_120.jpg,120
C:\Users\USER\Desktop\programing\code\data\raw\images\image_569_angle_90.jpg,90
C:\Users\USER\Desktop\programing\code\data\raw\images\image_570_angle_120.jpg,120
C:\Users\USER\Desktop\programing\code\data\raw\images\image_571_angle_90.jpg,90
C:\Users\USER\Desktop\programing\code\data\raw\images\image_572_angle_90.jpg,90
C:\Users\USER\Desktop\programing\code\data\raw\images\image_573_angle_120.jpg,120
C:\Users\USER\Desktop\programing\code\data\raw\images\image_574_angle_90.jpg,90
C:\Users\USER\Desktop\programing\code\data\raw\images\image_575_angle_120.jpg,120
C:\Users\USER\Desktop\programing\code\data\raw\images\image_576_angle_120.jpg,120
C:\Users\USER\Desktop\programing\code\data\raw\images\image_577_angle_120.jpg,120
C:\Users\USER\Desktop\programing\code\data\raw\images\image_578_angle_120.jpg,120
C:\Users\USER\Desktop\programing\code\data\raw\images\image_579_angle_90.jpg,90
C:\Users\USER\Desktop\programing\code\data\raw\images\image_580_angle_90.jpg,90
C:\Users\USER\Desktop\programing\code\data\raw\images\image_581_angle_90.jpg,90
C:\Users\USER\Desktop\programing\code\data\raw\images\image_582_angle_60.jpg,60
C:\Users\USER\Desktop\programing\code\data\raw\images\image_583_angle_90.jpg,90
C:\Users\USER\Desktop\programing\code\data\raw\images\image_584_angle_90.jpg,90
C:\Users\USER\Desktop\programing\code\data\raw\images\image_585_angle_90.jpg,90
C:\Users\USER\Desktop\programing\code\data\raw\images\image_586_angle_120.jpg,120
C:\Users\USER\Desktop\programing\code\data\raw\images\image_587_angle_90.jpg,90
C:\Users\USER\Desktop\programing\code\data\raw\images\image_588_angle_120.jpg,120
C:\Users\USER\Desktop\programing\code\data\raw\images\image_589_angle_90.jpg,90
C:\Users\USER\Desktop\programing\code\data\raw\images\image_590_angle_120.jpg,120
C:\Users\USER\Desktop\programing\code\data\raw\images\image_591_angle_90.jpg,90
C:\Users\USER\Desktop\programing\code\data\raw\images\image_592_angle_120.jpg,120
C:\Users\USER\Desktop\programing\code\data\raw\images\image_593_angle_90.jpg,90
C:\Users\USER\Desktop\programing\code\data\raw\images\image_594_angle_120.jpg,120
C:\Users\USER\Desktop\programing\code\data\raw\images\image_595_angle_120.jpg,120
C:\Users\USER\Desktop\programing\code\data\raw\images\image_596_angle_90.jpg,90
C:\Users\USER\Desktop\programing\code\data\raw\images\image_597_angle_90.jpg,90
C:\Users\USER\Desktop\programing\code\data\raw\images\image_598_angle_90.jpg,90
C:\Users\USER\Desktop\programing\code\data\raw\images\image_599_angle_60.jpg,60
C:\Users\USER\Desktop\programing\code\data\raw\images\image_600_angle_150.jpg,150
C:\Users\USER\Desktop\programing\code\data\raw\images\image_601_angle_90.jpg,90
C:\Users\USER\Desktop\programing\code\data\raw\images\image_602_angle_60.jpg,60
C:\Users\USER\Desktop\programing\code\data\raw\images\image_603_angle_120.jpg,120
C:\Users\USER\Desktop\programing\code\data\raw\images\image_604_angle_150.jpg,150
C:\Users\USER\Desktop\programing\code\data\raw\images\image_605_angle_120.jpg,120
C:\Users\USER\Desktop\programing\code\data\raw\images\image_606_angle_90.jpg,90
C:\Users\USER\Desktop\programing\code\data\raw\images\image_607_angle_60.jpg,60
C:\Users\USER\Desktop\programing\code\data\raw\images\image_608_angle_90.jpg,90
C:\Users\USER\Desktop\programing\code\data\raw\images\image_609_angle_120.jpg,120
C:\Users\USER\Desktop\programing\code\data\raw\images\image_610_angle_90.jpg,90
C:\Users\USER\Desktop\programing\code\data\raw\images\image_611_angle_60.jpg,60
C:\Users\USER\Desktop\programing\code\data\raw\images\image_612_angle_90.jpg,90
C:\Users\USER\Desktop\programing\code\data\raw\images\image_613_angle_90.jpg,90
C:\Users\USER\Desktop\programing\code\data\raw\images\image_614_angle_90.jpg,90
C:\Users\USER\Desktop\programing\code\data\raw\images\image_615_angle_120.jpg,120
C:\Users\USER\Desktop\programing\code\data\raw\images\image_616_angle_150.jpg,150
C:\Users\USER\Desktop\programing\code\data\raw\images\image_617_angle_150.jpg,150
C:\Users\USER\Desktop\programing\code\data\raw\images\image_618_angle_120.jpg,120
C:\Users\USER\Desktop\programing\code\data\raw\images\image_619_angle_90.jpg,90
C:\Users\USER\Desktop\programing\code\data\raw\images\image_620_angle_90.jpg,90
C:\Users\USER\Desktop\programing\code\data\raw\images\image_621_angle_120.jpg,120
C:\Users\USER\Desktop\programing\code\data\raw\images\image_622_angle_90.jpg,90
C:\Users\USER\Desktop\programing\code\data\raw\images\image_623_angle_90.jpg,90
C:\Users\USER\Desktop\programing\code\data\raw\images\image_624_angle_120.jpg,120
C:\Users\USER\Desktop\programing\code\data\raw\images\image_625_angle_120.jpg,120
C:\Users\USER\Desktop\programing\code\data\raw\images\image_626_angle_120.jpg,120
C:\Users\USER\Desktop\programing\code\data\raw\images\image_627_angle_120.jpg,120
C:\Users\USER\Desktop\programing\code\data\raw\images\image_628_angle_120.jpg,120
C:\Users\USER\Desktop\programing\code\data\raw\images\image_629_angle_120.jpg,120
C:\Users\USER\Desktop\programing\code\data\raw\images\image_630_angle_120.jpg,120
C:\Users\USER\Desktop\programing\code\data\raw\images\image_631_angle_120.jpg,120
C:\Users\USER\Desktop\programing\code\data\raw\images\image_632_angle_90.jpg,90
C:\Users\USER\Desktop\programing\code\data\raw\images\image_633_angle_120.jpg,120
C:\Users\USER\Desktop\programing\code\data\raw\images\image_634_angle_120.jpg,120
C:\Users\USER\Desktop\programing\code\data\raw\images\image_635_angle_90.jpg,90
C:\Users\USER\Desktop\programing\code\data\raw\images\image_636_angle_90.jpg,90
C:\Users\USER\Desktop\programing\code\data\raw\images\image_637_angle_150.jpg,150
C:\Users\USER\Desktop\programing\code\data\raw\images\image_638_angle_120.jpg,120
C:\Users\USER\Desktop\programing\code\data\raw\images\image_639_angle_150.jpg,150
C:\Users\USER\Desktop\programing\code\data\raw\images\image_640_angle_90.jpg,90
C:\Users\USER\Desktop\programing\code\data\raw\images\image_641_angle_90.jpg,90
C:\Users\USER\Desktop\programing\code\data\raw\images\image_642_angle_120.jpg,120
C:\Users\USER\Desktop\programing\code\data\raw\images\image_643_angle_90.jpg,90
C:\Users\USER\Desktop\programing\code\data\raw\images\image_644_angle_120.jpg,120
C:\Users\USER\Desktop\programing\code\data\raw\images\image_645_angle_120.jpg,120
C:\Users\USER\Desktop\programing\code\data\raw\images\image_646_angle_120.jpg,120
C:\Users\USER\Desktop\programing\code\data\raw\images\image_647_angle_150.jpg,150
C:\Users\USER\Desktop\programing\code\data\raw\images\image_648_angle_60.jpg,60
C:\Users\USER\Desktop\programing\code\data\raw\images\image_649_angle_90.jpg,90
C:\Users\USER\Desktop\programing\code\data\raw\images\image_650_angle_30.jpg,30
C:\Users\USER\Desktop\programing\code\data\raw\images\image_651_angle_60.jpg,60
C:\Users\USER\Desktop\programing\code\data\raw\images\image_652_angle_90.jpg,90
C:\Users\USER\Desktop\programing\code\data\raw\images\image_653_angle_120.jpg,120
C:\Users\USER\Desktop\programing\code\data\raw\images\image_654_angle_150.jpg,150
C:\Users\USER\Desktop\programing\code\data\raw\images\image_655_angle_120.jpg,120
C:\Users\USER\Desktop\programing\code\data\raw\images\image_656_angle_90.jpg,90
C:\Users\USER\Desktop\programing\code\data\raw\images\image_657_angle_120.jpg,120
C:\Users\USER\Desktop\programing\code\data\raw\images\image_658_angle_120.jpg,120
C:\Users\USER\Desktop\programing\code\data\raw\images\image_659_angle_90.jpg,90
C:\Users\USER\Desktop\programing\code\data\raw\images\image_660_angle_90.jpg,90
C:\Users\USER\Desktop\programing\code\data\raw\images\image_661_angle_60.jpg,60
C:\Users\USER\Desktop\programing\code\data\raw\images\image_662_angle_60.jpg,60
C:\Users\USER\Desktop\programing\code\data\raw\images\image_663_angle_120.jpg,120
C:\Users\USER\Desktop\programing\code\data\raw\images\image_664_angle_120.jpg,120
C:\Users\USER\Desktop\programing\code\data\raw\images\image_665_angle_120.jpg,120
C:\Users\USER\Desktop\programing\code\data\raw\images\image_666_angle_120.jpg,120
C:\Users\USER\Desktop\programing\code\data\raw\images\image_667_angle_90.jpg,90
C:\Users\USER\Desktop\programing\code\data\raw\images\image_668_angle_90.jpg,90
C:\Users\USER\Desktop\programing\code\data\raw\images\image_669_angle_120.jpg,120
C:\Users\USER\Desktop\programing\code\data\raw\images\image_670_angle_90.jpg,90
C:\Users\USER\Desktop\programing\code\data\raw\images\image_671_angle_120.jpg,120
C:\Users\USER\Desktop\programing\code\data\raw\images\image_672_angle_90.jpg,90
C:\Users\USER\Desktop\programing\code\data\raw\images\image_673_angle_90.jpg,90
C:\Users\USER\Desktop\programing\code\data\raw\images\image_674_angle_90.jpg,90
C:\Users\USER\Desktop\programing\code\data\raw\images\image_675_angle_90.jpg,90
C:\Users\USER\Desktop\programing\code\data\raw\images\image_676_angle_60.jpg,60
C:\Users\USER\Desktop\programing\code\data\raw\images\image_677_angle_90.jpg,90
C:\Users\USER\Desktop\programing\code\data\raw\images\image_678_angle_90.jpg,90
C:\Users\USER\Desktop\programing\code\data\raw\images\image_679_angle_90.jpg,90
C:\Users\USER\Desktop\programing\code\data\raw\images\image_680_angle_120.jpg,120
C:\Users\USER\Desktop\programing\code\data\raw\images\image_681_angle_90.jpg,90
C:\Users\USER\Desktop\programing\code\data\raw\images\image_682_angle_90.jpg,90
C:\Users\USER\Desktop\programing\code\data\raw\images\image_683_angle_120.jpg,120
C:\Users\USER\Desktop\programing\code\data\raw\images\image_684_angle_90.jpg,90
C:\Users\USER\Desktop\programing\code\data\raw\images\image_685_angle_120.jpg,120
C:\Users\USER\Desktop\programing\code\data\raw\images\image_686_angle_90.jpg,90
C:\Users\USER\Desktop\programing\code\data\raw\images\image_687_angle_90.jpg,90
C:\Users\USER\Desktop\programing\code\data\raw\images\image_688_angle_120.jpg,120
C:\Users\USER\Desktop\programing\code\data\raw\images\image_689_angle_120.jpg,120
C:\Users\USER\Desktop\programing\code\data\raw\images\image_690_angle_120.jpg,120
C:\Users\USER\Desktop\programing\code\data\raw\images\image_691_angle_120.jpg,120
C:\Users\USER\Desktop\programing\code\data\raw\images\image_692_angle_120.jpg,120
C:\Users\USER\Desktop\programing\code\data\raw\images\image_693_angle_90.jpg,90
C:\Users\USER\Desktop\programing\code\data\raw\images\image_694_angle_60.jpg,60
C:\Users\USER\Desktop\programing\code\data\raw\images\image_695_angle_120.jpg,120
C:\Users\USER\Desktop\programing\code\data\raw\images\image_696_angle_120.jpg,120
C:\Users\USER\Desktop\programing\code\data\raw\images\image_697_angle_120.jpg,120
C:\Users\USER\Desktop\programing\code\data\raw\images\image_698_angle_120.jpg,120
C:\Users\USER\Desktop\programing\code\data\raw\images\image_699_angle_120.jpg,120
C:\Users\USER\Desktop\programing\code\data\raw\images\image_700_angle_90.jpg,90
C:\Users\USER\Desktop\programing\code\data\raw\images\image_701_angle_120.jpg,120
C:\Users\USER\Desktop\programing\code\data\raw\images\image_702_angle_120.jpg,120
C:\Users\USER\Desktop\programing\code\data\raw\images\image_703_angle_30.jpg,30
C:\Users\USER\Desktop\programing\code\data\raw\images\image_704_angle_60.jpg,60
C:\Users\USER\Desktop\programing\code\data\raw\images\image_705_angle_60.jpg,60
C:\Users\USER\Desktop\programing\code\data\raw\images\image_706_angle_120.jpg,120
C:\Users\USER\Desktop\programing\code\data\raw\images\image_707_angle_120.jpg,120
C:\Users\USER\Desktop\programing\code\data\raw\images\image_708_angle_150.jpg,150
C:\Users\USER\Desktop\programing\code\data\raw\images\image_709_angle_150.jpg,150
C:\Users\USER\Desktop\programing\code\data\raw\images\image_710_angle_120.jpg,120
C:\Users\USER\Desktop\programing\code\data\raw\images\image_711_angle_120.jpg,120
C:\Users\USER\Desktop\programing\code\data\raw\images\image_712_angle_90.jpg,90
C:\Users\USER\Desktop\programing\code\data\raw\images\image_713_angle_90.jpg,90
C:\Users\USER\Desktop\programing\code\data\raw\images\image_714_angle_90.jpg,90
C:\Users\USER\Desktop\programing\code\data\raw\images\image_715_angle_120.jpg,120
C:\Users\USER\Desktop\programing\code\data\raw\images\image_716_angle_120.jpg,120
C:\Users\USER\Desktop\programing\code\data\raw\images\image_717_angle_120.jpg,120
C:\Users\USER\Desktop\programing\code\data\raw\images\image_718_angle_90.jpg,90
C:\Users\USER\Desktop\programing\code\data\raw\images\image_719_angle_120.jpg,120
C:\Users\USER\Desktop\programing\code\data\raw\images\image_720_angle_120.jpg,120
C:\Users\USER\Desktop\programing\code\data\raw\images\image_721_angle_90.jpg,90
C:\Users\USER\Desktop\programing\code\data\raw\images\image_722_angle_90.jpg,90
C:\Users\USER\Desktop\programing\code\data\raw\images\image_723_angle_90.jpg,90
C:\Users\USER\Desktop\programing\code\data\raw\images\image_724_angle_120.jpg,120
C:\Users\USER\Desktop\programing\code\data\raw\images\image_725_angle_120.jpg,120
C:\Users\USER\Desktop\programing\code\data\raw\images\image_726_angle_150.jpg,150
C:\Users\USER\Desktop\programing\code\data\raw\images\image_727_angle_90.jpg,90
C:\Users\USER\Desktop\programing\code\data\raw\images\image_728_angle_150.jpg,150
C:\Users\USER\Desktop\programing\code\data\raw\images\image_729_angle_120.jpg,120
C:\Users\USER\Desktop\programing\code\data\raw\images\image_730_angle_90.jpg,90
C:\Users\USER\Desktop\programing\code\data\raw\images\image_731_angle_120.jpg,120
C:\Users\USER\Desktop\programing\code\data\raw\images\image_732_angle_90.jpg,90
C:\Users\USER\Desktop\programing\code\data\raw\images\image_733_angle_90.jpg,90
C:\Users\USER\Desktop\programing\code\data\raw\images\image_734_angle_120.jpg,120
C:\Users\USER\Desktop\programing\code\data\raw\images\image_735_angle_120.jpg,120
C:\Users\USER\Desktop\programing\code\data\raw\images\image_736_angle_150.jpg,150
C:\Users\USER\Desktop\programing\code\data\raw\images\image_737_angle_150.jpg,150
C:\Users\USER\Desktop\programing\code\data\raw\images\image_738_angle_90.jpg,90
C:\Users\USER\Desktop\programing\code\data\raw\images\image_739_angle_90.jpg,90
C:\Users\USER\Desktop\programing\code\data\raw\images\image_740_angle_90.jpg,90
C:\Users\USER\Desktop\programing\code\data\raw\images\image_741_angle_90.jpg,90
C:\Users\USER\Desktop\programing\code\data\raw\images\image_742_angle_60.jpg,60
C:\Users\USER\Desktop\programing\code\data\raw\images\image_743_angle_90.jpg,90
C:\Users\USER\Desktop\programing\code\data\raw\images\image_744_angle_60.jpg,60
C:\Users\USER\Desktop\programing\code\data\raw\images\image_745_angle_60.jpg,60
C:\Users\USER\Desktop\programing\code\data\raw\images\image_746_angle_120.jpg,120
C:\Users\USER\Desktop\programing\code\data\raw\images\image_747_angle_120.jpg,120
C:\Users\USER\Desktop\programing\code\data\raw\images\image_748_angle_120.jpg,120
C:\Users\USER\Desktop\programing\code\data\raw\images\image_749_angle_120.jpg,120
C:\Users\USER\Desktop\programing\code\data\raw\images\image_750_angle_120.jpg,120
C:\Users\USER\Desktop\programing\code\data\raw\images\image_751_angle_120.jpg,120
C:\Users\USER\Desktop\programing\code\data\raw\images\image_752_angle_90.jpg,90
C:\Users\USER\Desktop\programing\code\data\raw\images\image_753_angle_120.jpg,120
C:\Users\USER\Desktop\programing\code\data\raw\images\image_754_angle_60.jpg,60
C:\Users\USER\Desktop\programing\code\data\raw\images\image_755_angle_90.jpg,90
C:\Users\USER\Desktop\programing\code\data\raw\images\image_756_angle_120.jpg,120
C:\Users\USER\Desktop\programing\code\data\raw\images\image_757_angle_120.jpg,120
C:\Users\USER\Desktop\programing\code\data\raw\images\image_758_angle_120.jpg,120
C:\Users\USER\Desktop\programing\code\data\raw\images\image_759_angle_90.jpg,90
C:\Users\USER\Desktop\programing\code\data\raw\images\image_760_angle_90.jpg,90
C:\Users\USER\Desktop\programing\code\data\raw\images\image_761_angle_120.jpg,120
C:\Users\USER\Desktop\programing\code\data\raw\images\image_762_angle_120.jpg,120
C:\Users\USER\Desktop\programing\code\data\raw\images\image_763_angle_120.jpg,120
C:\Users\USER\Desktop\programing\code\data\raw\images\image_764_angle_120.jpg,120
C:\Users\USER\Desktop\programing\code\data\raw\images\image_765_angle_120.jpg,120
C:\Users\USER\Desktop\programing\code\data\raw\images\image_766_angle_90.jpg,90
C:\Users\USER\Desktop\programing\code\data\raw\images\image_767_angle_90.jpg,90
C:\Users\USER\Desktop\programing\code\data\raw\images\image_768_angle_120.jpg,120
C:\Users\USER\Desktop\programing\code\data\raw\images\image_769_angle_120.jpg,120
C:\Users\USER\Desktop\programing\code\data\raw\images\image_770_angle_120.jpg,120
C:\Users\USER\Desktop\programing\code\data\raw\images\image_771_angle_120.jpg,120
C:\Users\USER\Desktop\programing\code\data\raw\images\image_772_angle_120.jpg,120
C:\Users\USER\Desktop\programing\code\data\raw\images\image_773_angle_120.jpg,120
C:\Users\USER\Desktop\programing\code\data\raw\images\image_774_angle_120.jpg,120
C:\Users\USER\Desktop\programing\code\data\raw\images\image_775_angle_120.jpg,120
C:\Users\USER\Desktop\programing\code\data\raw\images\image_776_angle_120.jpg,120
C:\Users\USER\Desktop\programing\code\data\raw\images\image_777_angle_120.jpg,120
C:\Users\USER\Desktop\programing\code\data\raw\images\image_778_angle_120.jpg,120
C:\Users\USER\Desktop\programing\code\data\raw\images\image_779_angle_90.jpg,90
C:\Users\USER\Desktop\programing\code\data\raw\images\image_780_angle_90.jpg,90
C:\Users\USER\Desktop\programing\code\data\raw\images\image_781_angle_120.jpg,120
C:\Users\USER\Desktop\programing\code\data\raw\images\image_782_angle_90.jpg,90
C:\Users\USER\Desktop\programing\code\data\raw\images\image_783_angle_120.jpg,120
C:\Users\USER\Desktop\programing\code\data\raw\images\image_784_angle_90.jpg,90
C:\Users\USER\Desktop\programing\code\data\raw\images\image_785_angle_120.jpg,120
C:\Users\USER\Desktop\programing\code\data\raw\images\image_786_angle_90.jpg,90
C:\Users\USER\Desktop\programing\code\data\raw\images\image_787_angle_120.jpg,120
C:\Users\USER\Desktop\programing\code\data\raw\images\image_788_angle_120.jpg,120
C:\Users\USER\Desktop\programing\code\data\raw\images\image_789_angle_120.jpg,120
C:\Users\USER\Desktop\programing\code\data\raw\images\image_790_angle_90.jpg,90
C:\Users\USER\Desktop\programing\code\data\raw\images\image_791_angle_90.jpg,90
C:\Users\USER\Desktop\programing\code\data\raw\images\image_792_angle_90.jpg,90
C:\Users\USER\Desktop\programing\code\data\raw\images\image_793_angle_90.jpg,90
C:\Users\USER\Desktop\programing\code\data\raw\images\image_794_angle_90.jpg,90
C:\Users\USER\Desktop\programing\code\data\raw\images\image_795_angle_90.jpg,90
C:\Users\USER\Desktop\programing\code\data\raw\images\image_796_angle_120.jpg,120
C:\Users\USER\Desktop\programing\code\data\raw\images\image_797_angle_90.jpg,90
C:\Users\USER\Desktop\programing\code\data\raw\images\image_798_angle_120.jpg,120
C:\Users\USER\Desktop\programing\code\data\raw\images\image_799_angle_90.jpg,90
C:\Users\USER\Desktop\programing\code\data\raw\images\image_800_angle_120.jpg,120
C:\Users\USER\Desktop\programing\code\data\raw\images\image_801_angle_120.jpg,120
C:\Users\USER\Desktop\programing\code\data\raw\images\image_802_angle_90.jpg,90
C:\Users\USER\Desktop\programing\code\data\raw\images\image_803_angle_60.jpg,60
C:\Users\USER\Desktop\programing\code\data\raw\images\image_804_angle_90.jpg,90
C:\Users\USER\Desktop\programing\code\data\raw\images\image_805_angle_120.jpg,120
C:\Users\USER\Desktop\programing\code\data\raw\images\image_806_angle_90.jpg,90
C:\Users\USER\Desktop\programing\code\data\raw\images\image_807_angle_150.jpg,150
C:\Users\USER\Desktop\programing\code\data\raw\images\image_808_angle_120.jpg,120
C:\Users\USER\Desktop\programing\code\data\raw\images\image_809_angle_120.jpg,120
C:\Users\USER\Desktop\programing\code\data\raw\images\image_810_angle_90.jpg,90
C:\Users\USER\Desktop\programing\code\data\raw\images\image_811_angle_120.jpg,120
C:\Users\USER\Desktop\programing\code\data\raw\images\image_812_angle_120.jpg,120
C:\Users\USER\Desktop\programing\code\data\raw\images\image_813_angle_120.jpg,120
C:\Users\USER\Desktop\programing\code\data\raw\images\image_814_angle_120.jpg,120
C:\Users\USER\Desktop\programing\code\data\raw\images\image_815_angle_90.jpg,90
C:\Users\USER\Desktop\programing\code\data\raw\images\image_816_angle_120.jpg,120
C:\Users\USER\Desktop\programing\code\data\raw\images\image_817_angle_90.jpg,90
C:\Users\USER\Desktop\programing\code\data\raw\images\image_818_angle_90.jpg,90
C:\Users\USER\Desktop\programing\code\data\raw\images\image_819_angle_120.jpg,120
C:\Users\USER\Desktop\programing\code\data\raw\images\image_820_angle_60.jpg,60
C:\Users\USER\Desktop\programing\code\data\raw\images\image_821_angle_90.jpg,90
C:\Users\USER\Desktop\programing\code\data\raw\images\image_822_angle_120.jpg,120
C:\Users\USER\Desktop\programing\code\data\raw\images\image_823_angle_90.jpg,90
C:\Users\USER\Desktop\programing\code\data\raw\images\image_824_angle_120.jpg,120
C:\Users\USER\Desktop\programing\code\data\raw\images\image_825_angle_90.jpg,90
C:\Users\USER\Desktop\programing\code\data\raw\images\image_826_angle_120.jpg,120
C:\Users\USER\Desktop\programing\code\data\raw\images\image_827_angle_90.jpg,90
C:\Users\USER\Desktop\programing\code\data\raw\images\image_828_angle_120.jpg,120
C:\Users\USER\Desktop\programing\code\data\raw\images\image_829_angle_120.jpg,120
C:\Users\USER\Desktop\programing\code\data\raw\images\image_830_angle_120.jpg,120
C:\Users\USER\Desktop\programing\code\data\raw\images\image_831_angle_120.jpg,120
C:\Users\USER\Desktop\programing\code\data\raw\images\image_832_angle_90.jpg,90
C:\Users\USER\Desktop\programing\code\data\raw\images\image_833_angle_90.jpg,90
C:\Users\USER\Desktop\programing\code\data\raw\images\image_834_angle_60.jpg,60
C:\Users\USER\Desktop\programing\code\data\raw\images\image_835_angle_120.jpg,120
C:\Users\USER\Desktop\programing\code\data\raw\images\image_836_angle_90.jpg,90
C:\Users\USER\Desktop\programing\code\data\raw\images\image_837_angle_90.jpg,90
C:\Users\USER\Desktop\programing\code\data\raw\images\image_838_angle_120.jpg,120
C:\Users\USER\Desktop\programing\code\data\raw\images\image_839_angle_90.jpg,90
C:\Users\USER\Desktop\programing\code\data\raw\images\image_840_angle_120.jpg,120
C:\Users\USER\Desktop\programing\code\data\raw\images\image_841_angle_120.jpg,120
C:\Users\USER\Desktop\programing\code\data\raw\images\image_842_angle_120.jpg,120
C:\Users\USER\Desktop\programing\code\data\raw\images\image_843_angle_90.jpg,90
C:\Users\USER\Desktop\programing\code\data\raw\images\image_844_angle_90.jpg,90
C:\Users\USER\Desktop\programing\code\data\raw\images\image_845_angle_60.jpg,60
C:\Users\USER\Desktop\programing\code\data\raw\images\image_846_angle_90.jpg,90
C:\Users\USER\Desktop\programing\code\data\raw\images\image_847_angle_120.jpg,120
C:\Users\USER\Desktop\programing\code\data\raw\images\image_848_angle_120.jpg,120
C:\Users\USER\Desktop\programing\code\data\raw\images\image_849_angle_90.jpg,90
C:\Users\USER\Desktop\programing\code\data\raw\images\image_850_angle_120.jpg,120
C:\Users\USER\Desktop\programing\code\data\raw\images\image_851_angle_90.jpg,90
C:\Users\USER\Desktop\programing\code\data\raw\images\image_852_angle_120.jpg,120
C:\Users\USER\Desktop\programing\code\data\raw\images\image_853_angle_120.jpg,120
C:\Users\USER\Desktop\programing\code\data\raw\images\image_854_angle_120.jpg,120
C:\Users\USER\Desktop\programing\code\data\raw\images\image_855_angle_120.jpg,120
C:\Users\USER\Desktop\programing\code\data\raw\images\image_856_angle_120.jpg,120
C:\Users\USER\Desktop\programing\code\data\raw\images\image_857_angle_120.jpg,120
C:\Users\USER\Desktop\programing\code\data\raw\images\image_858_angle_120.jpg,120
C:\Users\USER\Desktop\programing\code\data\raw\images\image_859_angle_120.jpg,120
C:\Users\USER\Desktop\programing\code\data\raw\images\image_860_angle_90.jpg,90
C:\Users\USER\Desktop\programing\code\data\raw\images\image_861_angle_90.jpg,90
C:\Users\USER\Desktop\programing\code\data\raw\images\image_862_angle_90.jpg,90
C:\Users\USER\Desktop\programing\code\data\raw\images\image_863_angle_90.jpg,90
C:\Users\USER\Desktop\programing\code\data\raw\images\image_864_angle_120.jpg,120
C:\Users\USER\Desktop\programing\code\data\raw\images\image_865_angle_90.jpg,90
C:\Users\USER\Desktop\programing\code\data\raw\images\image_866_angle_120.jpg,120
C:\Users\USER\Desktop\programing\code\data\raw\images\image_867_angle_120.jpg,120
C:\Users\USER\Desktop\programing\code\data\raw\images\image_868_angle_120.jpg,120
C:\Users\USER\Desktop\programing\code\data\raw\images\image_869_angle_90.jpg,90
C:\Users\USER\Desktop\programing\code\data\raw\images\image_870_angle_120.jpg,120
C:\Users\USER\Desktop\programing\code\data\raw\images\image_871_angle_120.jpg,120
C:\Users\USER\Desktop\programing\code\data\raw\images\image_872_angle_120.jpg,120
C:\Users\USER\Desktop\programing\code\data\raw\images\image_873_angle_120.jpg,120
C:\Users\USER\Desktop\programing\code\data\raw\images\image_874_angle_90.jpg,90
C:\Users\USER\Desktop\programing\code\data\raw\images\image_875_angle_120.jpg,120
C:\Users\USER\Desktop\programing\code\data\raw\images\image_876_angle_120.jpg,120
C:\Users\USER\Desktop\programing\code\data\raw\images\image_877_angle_60.jpg,60
C:\Users\USER\Desktop\programing\code\data\raw\images\image_878_angle_90.jpg,90
C:\Users\USER\Desktop\programing\code\data\raw\images\image_879_angle_120.jpg,120
C:\Users\USER\Desktop\programing\code\data\raw\images\image_880_angle_90.jpg,90
C:\Users\USER\Desktop\programing\code\data\raw\images\image_881_angle_60.jpg,60
C:\Users\USER\Desktop\programing\code\data\raw\images\image_882_angle_60.jpg,60
C:\Users\USER\Desktop\programing\code\data\raw\images\image_883_angle_60.jpg,60
C:\Users\USER\Desktop\programing\code\data\raw\images\image_884_angle_90.jpg,90
C:\Users\USER\Desktop\programing\code\data\raw\images\image_885_angle_120.jpg,120
C:\Users\USER\Desktop\programing\code\data\raw\images\image_886_angle_90.jpg,90
C:\Users\USER\Desktop\programing\code\data\raw\images\image_887_angle_120.jpg,120
C:\Users\USER\Desktop\programing\code\data\raw\images\image_888_angle_120.jpg,120
C:\Users\USER\Desktop\programing\code\data\raw\images\image_889_angle_120.jpg,120
C:\Users\USER\Desktop\programing\code\data\raw\images\image_890_angle_120.jpg,120
C:\Users\USER\Desktop\programing\code\data\raw\images\image_891_angle_90.jpg,90
C:\Users\USER\Desktop\programing\code\data\raw\images\image_892_angle_90.jpg,90
C:\Users\USER\Desktop\programing\code\data\raw\images\image_893_angle_120.jpg,120
C:\Users\USER\Desktop\programing\code\data\raw\images\image_894_angle_120.jpg,120
C:\Users\USER\Desktop\programing\code\data\raw\images\image_895_angle_60.jpg,60
C:\Users\USER\Desktop\programing\code\data\raw\images\image_896_angle_60.jpg,60
C:\Users\USER\Desktop\programing\code\data\raw\images\image_897_angle_90.jpg,90
C:\Users\USER\Desktop\programing\code\data\raw\images\image_898_angle_90.jpg,90
C:\Users\USER\Desktop\programing\code\data\raw\images\image_899_angle_90.jpg,90
C:\Users\USER\Desktop\programing\code\data\raw\images\image_900_angle_120.jpg,120
C:\Users\USER\Desktop\programing\code\data\raw\images\image_901_angle_120.jpg,120
C:\Users\USER\Desktop\programing\code\data\raw\images\image_902_angle_120.jpg,120
C:\Users\USER\Desktop\programing\code\data\raw\images\image_903_angle_150.jpg,150
C:\Users\USER\Desktop\programing\code\data\raw\images\image_904_angle_90.jpg,90
C:\Users\USER\Desktop\programing\code\data\raw\images\image_905_angle_120.jpg,120
C:\Users\USER\Desktop\programing\code\data\raw\images\image_906_angle_120.jpg,120
C:\Users\USER\Desktop\programing\code\data\raw\images\image_907_angle_90.jpg,90
C:\Users\USER\Desktop\programing\code\data\raw\images\image_908_angle_120.jpg,120
C:\Users\USER\Desktop\programing\code\data\raw\images\image_909_angle_120.jpg,120
C:\Users\USER\Desktop\programing\code\data\raw\images\image_910_angle_90.jpg,90
C:\Users\USER\Desktop\programing\code\data\raw\images\image_911_angle_90.jpg,90
C:\Users\USER\Desktop\programing\code\data\raw\images\image_912_angle_90.jpg,90
C:\Users\USER\Desktop\programing\code\data\raw\images\image_913_angle_90.jpg,90
C:\Users\USER\Desktop\programing\code\data\raw\images\image_914_angle_60.jpg,60
C:\Users\USER\Desktop\programing\code\data\raw\images\image_915_angle_120.jpg,120
C:\Users\USER\Desktop\programing\code\data\raw\images\image_916_angle_90.jpg,90
C:\Users\USER\Desktop\programing\code\data\raw\images\image_917_angle_120.jpg,120
C:\Users\USER\Desktop\programing\code\data\raw\images\image_918_angle_120.jpg,120
C:\Users\USER\Desktop\programing\code\data\raw\images\image_919_angle_90.jpg,90
C:\Users\USER\Desktop\programing\code\data\raw\images\image_920_angle_120.jpg,120
C:\Users\USER\Desktop\programing\code\data\raw\images\image_921_angle_120.jpg,120
C:\Users\USER\Desktop\programing\code\data\raw\images\image_922_angle_120.jpg,120
C:\Users\USER\Desktop\programing\code\data\raw\images\image_923_angle_120.jpg,120
C:\Users\USER\Desktop\programing\code\data\raw\images\image_924_angle_90.jpg,90
C:\Users\USER\Desktop\programing\code\data\raw\images\image_925_angle_120.jpg,120
C:\Users\USER\Desktop\programing\code\data\raw\images\image_926_angle_90.jpg,90
C:\Users\USER\Desktop\programing\code\data\raw\images\image_927_angle_120.jpg,120
C:\Users\USER\Desktop\programing\code\data\raw\images\image_928_angle_60.jpg,60
C:\Users\USER\Desktop\programing\code\data\raw\images\image_929_angle_60.jpg,60
C:\Users\USER\Desktop\programing\code\data\raw\images\image_930_angle_90.jpg,90
C:\Users\USER\Desktop\programing\code\data\raw\images\image_931_angle_90.jpg,90
C:\Users\USER\Desktop\programing\code\data\raw\images\image_932_angle_120.jpg,120
C:\Users\USER\Desktop\programing\code\data\raw\images\image_933_angle_120.jpg,120
C:\Users\USER\Desktop\programing\code\data\raw\images\image_934_angle_90.jpg,90
C:\Users\USER\Desktop\programing\code\data\raw\images\image_935_angle_120.jpg,120
C:\Users\USER\Desktop\programing\code\data\raw\images\image_936_angle_120.jpg,120
C:\Users\USER\Desktop\programing\code\data\raw\images\image_937_angle_90.jpg,90
C:\Users\USER\Desktop\programing\code\data\raw\images\image_938_angle_60.jpg,60
C:\Users\USER\Desktop\programing\code\data\raw\images\image_939_angle_60.jpg,60
C:\Users\USER\Desktop\programing\code\data\raw\images\image_940_angle_120.jpg,120
C:\Users\USER\Desktop\programing\code\data\raw\images\image_941_angle_120.jpg,120
C:\Users\USER\Desktop\programing\code\data\raw\images\image_942_angle_120.jpg,120
C:\Users\USER\Desktop\programing\code\data\raw\images\image_943_angle_120.jpg,120
C:\Users\USER\Desktop\programing\code\data\raw\images\image_944_angle_90.jpg,90
C:\Users\USER\Desktop\programing\code\data\raw\images\image_945_angle_120.jpg,120
C:\Users\USER\Desktop\programing\code\data\raw\images\image_946_angle_120.jpg,120
C:\Users\USER\Desktop\programing\code\data\raw\images\image_947_angle_120.jpg,120
C:\Users\USER\Desktop\programing\code\data\raw\images\image_948_angle_90.jpg,90
C:\Users\USER\Desktop\programing\code\data\raw\images\image_949_angle_90.jpg,90
C:\Users\USER\Desktop\programing\code\data\raw\images\image_950_angle_90.jpg,90
C:\Users\USER\Desktop\programing\code\data\raw\images\image_951_angle_90.jpg,90
C:\Users\USER\Desktop\programing\code\data\raw\images\image_952_angle_120.jpg,120
C:\Users\USER\Desktop\programing\code\data\raw\images\image_953_angle_120.jpg,120
C:\Users\USER\Desktop\programing\code\data\raw\images\image_954_angle_120.jpg,120
C:\Users\USER\Desktop\programing\code\data\raw\images\image_955_angle_90.jpg,90
C:\Users\USER\Desktop\programing\code\data\raw\images\image_956_angle_90.jpg,90
C:\Users\USER\Desktop\programing\code\data\raw\images\image_957_angle_120.jpg,120
C:\Users\USER\Desktop\programing\code\data\raw\images\image_958_angle_120.jpg,120
C:\Users\USER\Desktop\programing\code\data\raw\images\image_959_angle_150.jpg,150
C:\Users\USER\Desktop\programing\code\data\raw\images\image_960_angle_90.jpg,90
C:\Users\USER\Desktop\programing\code\data\raw\images\image_961_angle_90.jpg,90
C:\Users\USER\Desktop\programing\code\data\raw\images\image_962_angle_60.jpg,60
C:\Users\USER\Desktop\programing\code\data\raw\images\image_963_angle_90.jpg,90
C:\Users\USER\Desktop\programing\code\data\raw\images\image_964_angle_90.jpg,90
C:\Users\USER\Desktop\programing\code\data\raw\images\image_965_angle_120.jpg,120
C:\Users\USER\Desktop\programing\code\data\raw\images\image_966_angle_120.jpg,120
C:\Users\USER\Desktop\programing\code\data\raw\images\image_967_angle_120.jpg,120
C:\Users\USER\Desktop\programing\code\data\raw\images\image_968_angle_120.jpg,120
C:\Users\USER\Desktop\programing\code\data\raw\images\image_969_angle_90.jpg,90
C:\Users\USER\Desktop\programing\code\data\raw\images\image_970_angle_90.jpg,90
C:\Users\USER\Desktop\programing\code\data\raw\images\image_971_angle_60.jpg,60
C:\Users\USER\Desktop\programing\code\data\raw\images\image_972_angle_90.jpg,90
C:\Users\USER\Desktop\programing\code\data\raw\images\image_973_angle_120.jpg,120
C:\Users\USER\Desktop\programing\code\data\raw\images\image_974_angle_120.jpg,120
C:\Users\USER\Desktop\programing\code\data\raw\images\image_975_angle_120.jpg,120
C:\Users\USER\Desktop\programing\code\data\raw\images\image_976_angle_120.jpg,120
C:\Users\USER\Desktop\programing\code\data\raw\images\image_977_angle_120.jpg,120
C:\Users\USER\Desktop\programing\code\data\raw\images\image_978_angle_120.jpg,120
C:\Users\USER\Desktop\programing\code\data\raw\images\image_979_angle_120.jpg,120
C:\Users\USER\Desktop\programing\code\data\raw\images\image_980_angle_120.jpg,120
C:\Users\USER\Desktop\programing\code\data\raw\images\image_981_angle_120.jpg,120
C:\Users\USER\Desktop\programing\code\data\raw\images\image_982_angle_120.jpg,120
C:\Users\USER\Desktop\programing\code\data\raw\images\image_983_angle_60.jpg,60
C:\Users\USER\Desktop\programing\code\data\raw\images\image_984_angle_90.jpg,90
C:\Users\USER\Desktop\programing\code\data\raw\images\image_985_angle_90.jpg,90
C:\Users\USER\Desktop\programing\code\data\raw\images\image_986_angle_120.jpg,120
C:\Users\USER\Desktop\programing\code\data\raw\images\image_987_angle_90.jpg,90
C:\Users\USER\Desktop\programing\code\data\raw\images\image_988_angle_120.jpg,120
C:\Users\USER\Desktop\programing\code\data\raw\images\image_989_angle_120.jpg,120
C:\Users\USER\Desktop\programing\code\data\raw\images\image_990_angle_120.jpg,120
C:\Users\USER\Desktop\programing\code\data\raw\images\image_991_angle_120.jpg,120
C:\Users\USER\Desktop\programing\code\data\raw\images\image_992_angle_120.jpg,120
C:\Users\USER\Desktop\programing\code\data\raw\images\image_993_angle_120.jpg,120
C:\Users\USER\Desktop\programing\code\data\raw\images\image_994_angle_150.jpg,150
C:\Users\USER\Desktop\programing\code\data\raw\images\image_995_angle_150.jpg,150
C:\Users\USER\Desktop\programing\code\data\raw\images\image_996_angle_120.jpg,120
C:\Users\USER\Desktop\programing\code\data\raw\images\image_997_angle_120.jpg,120
C:\Users\USER\Desktop\programing\code\data\raw\images\image_998_angle_60.jpg,60
C:\Users\USER\Desktop\programing\code\data\raw\images\image_999_angle_120.jpg,120
